enemy_ids,ally_ids,candidate_id,label,is_real
"[131, 21, 110, 98, 40]",[],59,1,3.0
"[131, 21, 110, 98, 40]",[59],30,1,3.0
"[131, 21, 110, 98, 40]","[59, 30]",75,1,3.0
"[131, 21, 110, 98, 40]","[59, 30, 75]",128,1,3.0
"[131, 21, 110, 98, 40]","[59, 30, 75, 128]",65,1,3.0
"[104, 47, 25, 26, 65]",[],95,1,3.0
"[104, 47, 25, 26, 65]",[95],118,1,3.0
"[104, 47, 25, 26, 65]","[95, 118]",101,1,3.0
"[104, 47, 25, 26, 65]","[95, 118, 101]",44,1,3.0
"[104, 47, 25, 26, 65]","[95, 118, 101, 44]",40,1,3.0
"[95, 118, 68, 41, 65]",[],97,1,3.0
"[95, 118, 68, 41, 65]",[97],87,1,3.0
"[95, 118, 68, 41, 65]","[97, 87]",125,1,3.0
"[95, 118, 68, 41, 65]","[97, 87, 125]",51,1,3.0
"[95, 118, 68, 41, 65]","[97, 87, 125, 51]",73,1,3.0
"[95, 30, 52, 26, 29]",[],37,1,3.0
"[95, 30, 52, 26, 29]",[37],117,1,3.0
"[95, 30, 52, 26, 29]","[37, 117]",101,1,3.0
"[95, 30, 52, 26, 29]","[37, 117, 101]",102,1,3.0
"[95, 30, 52, 26, 29]","[37, 117, 101, 102]",31,1,3.0
"[95, 30, 110, 6, 65]",[],59,1,3.0
"[95, 30, 110, 6, 65]",[59],122,1,3.0
"[95, 30, 110, 6, 65]","[59, 122]",52,1,3.0
"[95, 30, 110, 6, 65]","[59, 122, 52]",26,1,3.0
"[95, 30, 110, 6, 65]","[59, 122, 52, 26]",40,1,3.0
"[95, 22, 71, 41, 73]",[],106,1,3.0
"[95, 22, 71, 41, 73]",[106],47,1,3.0
"[95, 22, 71, 41, 73]","[106, 47]",125,1,3.0
"[95, 22, 71, 41, 73]","[106, 47, 125]",128,1,3.0
"[95, 22, 71, 41, 73]","[106, 47, 125, 128]",79,1,3.0
"[59, 117, 101, 26, 40]",[],4,1,3.0
"[59, 117, 101, 26, 40]",[4],30,1,3.0
"[59, 117, 101, 26, 40]","[4, 30]",96,1,3.0
"[59, 117, 101, 26, 40]","[4, 30, 96]",49,1,3.0
"[59, 117, 101, 26, 40]","[4, 30, 96, 49]",65,1,3.0
"[131, 122, 119, 41, 65]",[],123,1,3.0
"[131, 122, 119, 41, 65]",[123],67,1,3.0
"[131, 122, 119, 41, 65]","[123, 67]",125,1,3.0
"[131, 122, 119, 41, 65]","[123, 67, 125]",49,1,3.0
"[131, 122, 119, 41, 65]","[123, 67, 125, 49]",22,1,3.0
"[95, 47, 71, 49, 79]",[],37,1,6.0
"[95, 47, 71, 49, 79]",[37],30,1,6.0
"[95, 47, 71, 49, 79]","[37, 30]",52,1,6.0
"[95, 47, 71, 49, 79]","[37, 30, 52]",41,1,3.0
"[95, 47, 71, 49, 79]","[37, 30, 52, 41]",40,1,6.0
"[4, 47, 68, 128, 40]",[],120,1,3.0
"[4, 47, 68, 128, 40]",[120],30,1,3.0
"[4, 47, 68, 128, 40]","[120, 30]",76,1,3.0
"[4, 47, 68, 128, 40]","[120, 30, 76]",44,1,3.0
"[4, 47, 68, 128, 40]","[120, 30, 76, 44]",22,1,3.0
"[131, 9, 110, 102, 79]",[],106,1,3.0
"[131, 9, 110, 102, 79]",[106],122,1,3.0
"[131, 9, 110, 102, 79]","[106, 122]",52,1,3.0
"[131, 9, 110, 102, 79]","[106, 122, 52]",41,1,3.0
"[131, 9, 110, 102, 79]","[106, 122, 52, 41]",65,1,3.0
"[35, 30, 101, 9, 79]",[],37,1,6.0
"[35, 30, 101, 9, 79]",[37],17,1,3.0
"[35, 30, 101, 9, 79]","[37, 17]",52,1,6.0
"[35, 30, 101, 9, 79]","[37, 17, 52]",44,1,3.0
"[35, 30, 101, 9, 79]","[37, 17, 52, 44]",65,1,6.0
"[95, 47, 52, 26, 31]",[],59,1,3.0
"[95, 47, 52, 26, 31]",[59],17,1,3.0
"[95, 47, 52, 26, 31]","[59, 17]",68,1,3.0
"[95, 47, 52, 26, 31]","[59, 17, 68]",44,1,3.0
"[95, 47, 52, 26, 31]","[59, 17, 68, 44]",73,1,3.0
"[59, 30, 52, 98, 40]",[],37,1,3.0
"[59, 30, 52, 98, 40]",[37],118,1,3.0
"[59, 30, 52, 98, 40]","[37, 118]",63,1,3.0
"[59, 30, 52, 98, 40]","[37, 118, 63]",26,1,3.0
"[59, 30, 52, 98, 40]","[37, 118, 63, 26]",65,1,3.0
"[131, 67, 52, 41, 40]",[],110,1,3.0
"[131, 67, 52, 41, 40]",[110],17,1,3.0
"[131, 67, 52, 41, 40]","[110, 17]",96,1,3.0
"[131, 67, 52, 41, 40]","[110, 17, 96]",49,1,3.0
"[131, 67, 52, 41, 40]","[110, 17, 96, 49]",65,1,3.0
"[131, 67, 110, 77, 79]",[],37,1,3.0
"[131, 67, 110, 77, 79]",[37],30,1,3.0
"[131, 67, 110, 77, 79]","[37, 30]",68,1,3.0
"[131, 67, 110, 77, 79]","[37, 30, 68]",41,1,3.0
"[131, 67, 110, 77, 79]","[37, 30, 68, 41]",65,1,3.0
"[95, 21, 110, 26, 31]",[],37,1,6.0
"[95, 21, 110, 26, 31]",[37],47,1,3.0
"[95, 21, 110, 26, 31]","[37, 47]",68,1,6.0
"[95, 21, 110, 26, 31]","[37, 47, 68]",44,1,3.0
"[95, 21, 110, 26, 31]","[37, 47, 68, 44]",65,1,6.0
"[81, 30, 52, 41, 65]",[],59,1,3.0
"[81, 30, 52, 41, 65]",[59],47,1,3.0
"[81, 30, 52, 41, 65]","[59, 47]",68,1,3.0
"[81, 30, 52, 41, 65]","[59, 47, 68]",26,1,3.0
"[81, 30, 52, 41, 65]","[59, 47, 68, 26]",73,1,3.0
"[37, 83, 52, 41, 65]",[],95,1,3.0
"[37, 83, 52, 41, 65]",[95],87,1,3.0
"[37, 83, 52, 41, 65]","[95, 87]",71,1,3.0
"[37, 83, 52, 41, 65]","[95, 87, 71]",49,1,3.0
"[37, 83, 52, 41, 65]","[95, 87, 71, 49]",40,1,3.0
"[37, 67, 125, 41, 40]",[],120,1,3.0
"[37, 67, 125, 41, 40]",[120],117,1,3.0
"[37, 67, 125, 41, 40]","[120, 117]",101,1,3.0
"[37, 67, 125, 41, 40]","[120, 117, 101]",98,1,3.0
"[37, 67, 125, 41, 40]","[120, 117, 101, 98]",65,1,3.0
"[97, 80, 125, 77, 40]",[],131,1,3.0
"[97, 80, 125, 77, 40]",[131],67,1,3.0
"[97, 80, 125, 77, 40]","[131, 67]",101,1,3.0
"[97, 80, 125, 77, 40]","[131, 67, 101]",41,1,3.0
"[97, 80, 125, 77, 40]","[131, 67, 101, 41]",65,1,3.0
"[95, 117, 71, 49, 65]",[],82,1,3.0
"[95, 117, 71, 49, 65]",[82],122,1,3.0
"[95, 117, 71, 49, 65]","[82, 122]",101,1,3.0
"[95, 117, 71, 49, 65]","[82, 122, 101]",128,1,3.0
"[95, 117, 71, 49, 65]","[82, 122, 101, 128]",22,1,3.0
"[106, 21, 52, 98, 65]",[],37,1,3.0
"[106, 21, 52, 98, 65]",[37],117,1,3.0
"[106, 21, 52, 98, 65]","[37, 117]",71,1,3.0
"[106, 21, 52, 98, 65]","[37, 117, 71]",128,1,3.0
"[106, 21, 52, 98, 65]","[37, 117, 71, 128]",31,1,3.0
"[106, 67, 52, 41, 40]",[],59,1,3.0
"[106, 67, 52, 41, 40]",[59],118,1,3.0
"[106, 67, 52, 41, 40]","[59, 118]",75,1,3.0
"[106, 67, 52, 41, 40]","[59, 118, 75]",26,1,3.0
"[106, 67, 52, 41, 40]","[59, 118, 75, 26]",65,1,3.0
"[131, 118, 110, 41, 40]",[],59,1,3.0
"[131, 118, 110, 41, 40]",[59],47,1,3.0
"[131, 118, 110, 41, 40]","[59, 47]",52,1,3.0
"[131, 118, 110, 41, 40]","[59, 47, 52]",44,1,3.0
"[131, 118, 110, 41, 40]","[59, 47, 52, 44]",65,1,3.0
"[37, 47, 75, 128, 12]",[],81,1,3.0
"[37, 47, 75, 128, 12]",[81],67,1,3.0
"[37, 47, 75, 128, 12]","[81, 67]",52,1,3.0
"[37, 47, 75, 128, 12]","[81, 67, 52]",26,1,3.0
"[37, 47, 75, 128, 12]","[81, 67, 52, 26]",79,1,3.0
"[106, 47, 96, 77, 131]",[],110,1,3.0
"[106, 47, 96, 77, 131]",[110],21,1,3.0
"[106, 47, 96, 77, 131]","[110, 21]",52,1,3.0
"[106, 47, 96, 77, 131]","[110, 21, 52]",35,1,3.0
"[106, 47, 96, 77, 131]","[110, 21, 52, 35]",65,1,3.0
"[37, 117, 71, 41, 40]",[],123,1,3.0
"[37, 117, 71, 41, 40]",[123],30,1,3.0
"[37, 117, 71, 41, 40]","[123, 30]",129,1,3.0
"[37, 117, 71, 41, 40]","[123, 30, 129]",26,1,3.0
"[37, 117, 71, 41, 40]","[123, 30, 129, 26]",131,1,3.0
"[4, 47, 52, 49, 79]",[],59,1,3.0
"[4, 47, 52, 49, 79]",[59],21,1,3.0
"[4, 47, 52, 49, 79]","[59, 21]",101,1,3.0
"[4, 47, 52, 49, 79]","[59, 21, 101]",35,1,3.0
"[4, 47, 52, 49, 79]","[59, 21, 101, 35]",123,1,3.0
"[37, 67, 125, 44, 40]",[],131,1,3.0
"[37, 67, 125, 44, 40]",[131],42,1,3.0
"[37, 67, 125, 44, 40]","[131, 42]",101,1,3.0
"[37, 67, 125, 44, 40]","[131, 42, 101]",35,1,3.0
"[37, 67, 125, 44, 40]","[131, 42, 101, 35]",65,1,3.0
"[82, 80, 101, 26, 65]",[],120,1,3.0
"[82, 80, 101, 26, 65]",[120],117,1,3.0
"[82, 80, 101, 26, 65]","[120, 117]",71,1,3.0
"[82, 80, 101, 26, 65]","[120, 117, 71]",44,1,3.0
"[82, 80, 101, 26, 65]","[120, 117, 71, 44]",40,1,3.0
"[81, 117, 110, 19, 40]",[],82,1,3.0
"[81, 117, 110, 19, 40]",[82],47,1,3.0
"[81, 117, 110, 19, 40]","[82, 47]",68,1,3.0
"[81, 117, 110, 19, 40]","[82, 47, 68]",44,1,3.0
"[81, 117, 110, 19, 40]","[82, 47, 68, 44]",65,1,3.0
"[104, 122, 52, 128, 65]",[],131,1,3.0
"[104, 122, 52, 128, 65]",[131],30,1,3.0
"[104, 122, 52, 128, 65]","[131, 30]",129,1,3.0
"[104, 122, 52, 128, 65]","[131, 30, 129]",41,1,3.0
"[104, 122, 52, 128, 65]","[131, 30, 129, 41]",73,1,3.0
"[59, 80, 101, 26, 40]",[],37,1,3.0
"[59, 80, 101, 26, 40]",[37],117,1,3.0
"[59, 80, 101, 26, 40]","[37, 117]",125,1,3.0
"[59, 80, 101, 26, 40]","[37, 117, 125]",124,1,3.0
"[59, 80, 101, 26, 40]","[37, 117, 125, 124]",79,1,3.0
"[59, 122, 52, 128, 79]",[],95,1,3.0
"[59, 122, 52, 128, 79]",[95],30,1,3.0
"[59, 122, 52, 128, 79]","[95, 30]",110,1,3.0
"[59, 122, 52, 128, 79]","[95, 30, 110]",41,1,3.0
"[59, 122, 52, 128, 79]","[95, 30, 110, 41]",131,1,3.0
"[120, 80, 52, 26, 65]",[],104,1,6.0
"[120, 80, 52, 26, 65]",[104],30,1,3.0
"[120, 80, 52, 26, 65]","[104, 30]",125,1,3.0
"[120, 80, 52, 26, 65]","[104, 30, 125]",35,1,3.0
"[120, 80, 52, 26, 65]","[104, 30, 125, 35]",79,1,3.0
[],[89],65,0,1.0
[],"[79, 22, 122]",103,0,1.0
[],"[3, 92]",17,0,1.0
[],[56],126,0,1.0
[],"[97, 106, 78, 52]",16,0,1.0
[],"[119, 76]",75,0,1.0
[],[124],87,1,1.0
[],[129],124,1,1.0
[],"[51, 46]",28,1,1.0
[],"[2, 115]",127,1,1.0
[],[68],2,1,1.0
[],"[8, 98, 27, 131]",46,0,1.0
[],"[51, 17, 5]",55,1,1.0
[],"[50, 48, 90, 95]",80,0,1.0
[],"[109, 43, 45, 73]",44,0,1.0
[],[67],1,1,1.0
[],"[39, 7, 90, 13]",59,0,1.0
[],[105],75,1,1.0
[],"[28, 72, 52]",121,1,1.0
[],"[103, 112, 102]",98,0,1.0
[],[26],40,1,1.0
[],"[2, 118]",84,0,1.0
[],"[25, 22, 8, 14]",88,0,1.0
[],"[82, 36]",85,1,1.0
[],[20],45,1,1.0
[],"[123, 48, 14, 77]",20,0,1.0
[],"[101, 67]",16,1,1.0
[],"[95, 128, 65]",126,1,1.0
[],"[21, 77, 102]",35,0,1.0
[],"[9, 70, 125]",44,1,1.0
[],"[71, 74]",11,1,1.0
[],"[87, 120, 98]",5,1,1.0
[],"[96, 39]",27,1,1.0
[],"[10, 70]",36,1,1.0
[],"[117, 77]",114,1,1.0
[],[129],85,1,1.0
[],"[68, 47]",41,1,1.0
[],"[51, 54, 82]",6,0,1.0
[],[66],79,1,1.0
[],"[38, 73, 55, 116]",98,1,1.0
[],"[99, 80, 44, 48]",59,0,1.0
[],"[112, 32, 124, 128]",79,0,1.0
[],"[115, 52, 124]",121,1,1.0
[],"[44, 41]",101,1,1.0
[],[109],70,1,1.0
[],[92],30,1,1.0
[],"[95, 98, 32, 127]",35,0,1.0
[],"[19, 41, 119, 12]",81,1,1.0
[],"[76, 70, 9, 29]",130,0,1.0
[],"[70, 55, 2]",7,0,1.0
[],"[56, 116, 82]",52,1,1.0
[],[24],115,1,1.0
[],"[95, 39, 26]",118,0,1.0
[],"[70, 27, 107]",13,0,1.0
[],"[108, 27, 126, 119]",64,0,1.0
[],"[47, 124, 10]",129,1,1.0
[],"[104, 74]",39,1,1.0
[],"[96, 72, 108]",130,1,1.0
[],"[63, 76, 117]",25,0,1.0
[],"[120, 72]",67,1,1.0
[],[108],93,1,1.0
[],"[88, 110, 28, 100]",48,1,1.0
[],[125],84,1,1.0
[],"[56, 8, 98]",71,1,1.0
[],"[63, 129, 84, 54]",50,0,1.0
[],"[63, 97, 113, 94]",83,0,1.0
[],"[84, 126, 130, 117]",30,0,1.0
[],"[94, 11]",84,0,1.0
[],"[27, 71]",114,0,1.0
[],"[112, 42, 10, 110]",8,0,1.0
[],"[126, 51]",61,1,1.0
[],[24],36,1,1.0
[],"[57, 73, 102, 127]",17,1,1.0
[],"[131, 127, 52]",98,1,1.0
[],"[105, 24, 121]",31,0,1.0
[],"[36, 67]",7,0,1.0
[],"[130, 6, 118, 19]",1,0,1.0
[],"[39, 40, 58]",72,0,1.0
[],"[63, 31, 108]",32,1,1.0
[],"[20, 108, 93]",7,0,1.0
[],"[106, 129, 64]",27,1,1.0
[],"[3, 4, 11, 31]",46,1,1.0
[],[125],40,1,1.0
[],"[64, 83]",41,1,1.0
[],"[10, 115, 62, 111]",124,0,1.0
[],"[129, 60, 53, 104]",4,1,1.0
[],"[36, 115, 4]",5,0,1.0
[],"[48, 116, 129]",89,1,1.0
[],[41],96,1,1.0
[],[37],42,1,1.0
[],"[77, 48, 54]",84,1,1.0
[],"[112, 57, 34, 92]",127,0,1.0
[],[75],61,0,1.0
[],"[20, 31, 12]",23,1,1.0
[],[77],103,0,1.0
[],[125],85,1,1.0
[],[27],87,1,1.0
[],"[102, 107, 113, 54]",108,0,1.0
[],"[46, 93]",94,1,1.0
[],"[6, 88, 1]",101,1,1.0
[],"[8, 90, 120]",59,0,1.0
[],"[41, 40]",27,1,1.0
[],"[127, 84]",120,0,1.0
[],"[91, 96]",68,0,1.0
[],"[40, 107, 8, 31]",123,0,1.0
[],"[9, 74, 107]",117,0,1.0
[],[123],98,1,1.0
[],[47],25,1,1.0
[],[101],50,0,1.0
[],[84],63,1,1.0
[],"[63, 102]",28,1,1.0
[],[123],74,1,1.0
[],"[108, 52]",45,1,1.0
[],"[103, 87]",90,0,1.0
[],[19],2,1,1.0
[],"[120, 47, 9]",7,0,1.0
[],"[103, 117, 127, 34]",94,0,1.0
[],"[68, 72, 69, 14]",64,0,1.0
[],"[36, 24, 30, 110]",105,1,1.0
[],"[78, 115]",130,1,1.0
[],[23],30,1,1.0
[],"[84, 129, 60, 80]",69,0,1.0
[],"[128, 40, 32, 127]",46,1,1.0
[],[87],128,1,1.0
[],"[80, 113, 1, 62]",112,0,1.0
[],"[126, 59, 61]",114,1,1.0
[],[14],78,0,1.0
[],[124],71,1,1.0
[],[126],30,0,1.0
[],"[87, 13, 72, 30]",91,0,1.0
[],"[90, 74]",107,1,1.0
[],"[21, 78, 131]",16,0,1.0
[],"[36, 72, 105]",47,1,1.0
[],"[64, 14, 121]",76,1,1.0
[],"[82, 126, 125]",67,0,1.0
[],"[43, 68]",80,1,1.0
[],"[55, 113, 90, 14]",39,0,1.0
[],"[23, 14]",96,0,1.0
[],"[78, 57]",113,1,1.0
[],[35],26,1,1.0
[],"[103, 100, 19]",93,0,1.0
[],"[13, 14, 37]",63,1,1.0
[],"[25, 39, 103]",85,0,1.0
[],"[56, 70, 7]",38,1,1.0
[],"[77, 6]",32,0,1.0
[],[3],119,1,1.0
[],"[111, 60]",68,1,1.0
[],"[130, 69]",42,0,1.0
[],[32],110,1,1.0
[],[26],86,1,1.0
[],"[26, 50]",69,1,1.0
[],"[110, 43, 97]",5,0,1.0
[],[77],102,1,1.0
[],"[8, 129, 104]",97,0,1.0
[],"[76, 127, 97, 74]",10,0,1.0
[],"[108, 86, 83, 62]",125,0,1.0
[],"[72, 76]",31,1,1.0
[],"[69, 95, 33, 8]",49,0,1.0
[],"[80, 53, 94]",116,0,1.0
[],"[79, 74, 129]",111,1,1.0
[],"[79, 57, 77]",74,1,1.0
[],"[26, 83, 84, 64]",74,0,1.0
[],"[46, 62]",76,0,1.0
[],[117],16,1,1.0
[],"[64, 51]",40,1,1.0
[],"[25, 99, 97, 126]",48,1,1.0
[],"[109, 46]",106,1,1.0
[],"[43, 98, 82]",112,1,1.0
[],"[8, 56, 77, 73]",114,0,1.0
[],"[46, 66]",124,1,1.0
[],"[19, 119, 35]",127,1,1.0
[],"[88, 67, 79]",11,0,1.0
[],[106],12,1,1.0
[],"[98, 116, 115, 33]",35,1,1.0
[],"[3, 28, 22, 45]",16,0,1.0
[],"[60, 37, 43, 129]",88,0,1.0
[],"[11, 97]",87,0,1.0
[],"[35, 121, 15, 94]",50,0,1.0
[],"[123, 51]",83,0,1.0
[],[41],99,1,1.0
[],"[21, 115, 126]",128,1,1.0
[],"[131, 36, 106]",98,1,1.0
[],"[26, 126, 28]",130,0,1.0
[],"[64, 41, 102]",35,0,1.0
[],[127],79,1,1.0
[],"[70, 38, 62, 22]",45,0,1.0
[],"[9, 119, 51, 4]",74,0,1.0
[],"[29, 113, 117]",108,0,1.0
[],"[56, 123]",86,1,1.0
[],"[6, 69, 17, 125]",80,0,1.0
[],[96],35,1,1.0
[],"[42, 49, 67]",27,1,1.0
[],"[69, 79, 33, 76]",6,1,1.0
[],"[31, 107]",38,1,1.0
[],"[66, 76, 4, 116]",60,1,1.0
[],"[4, 58]",69,0,1.0
[],"[17, 10, 127, 7]",15,0,1.0
[],"[3, 27, 24]",69,0,1.0
[],"[49, 118, 76, 63]",104,1,1.0
[],"[63, 91, 108]",122,0,1.0
[],[77],29,0,1.0
[],[69],35,1,1.0
[],[84],124,1,1.0
[],[34],44,1,1.0
[],"[10, 69, 79, 58]",75,0,1.0
[],[34],37,1,1.0
[],"[25, 51, 60, 48]",121,0,1.0
[],[88],38,1,1.0
[],"[81, 68, 67]",55,1,1.0
[],[39],26,1,1.0
[],"[111, 59]",25,1,1.0
[],"[129, 128, 7]",61,0,1.0
[],[95],128,1,1.0
[],"[66, 99]",113,1,1.0
[],"[56, 80, 90, 105]",107,0,1.0
[],"[53, 85, 28]",11,0,1.0
[],"[82, 120]",68,1,1.0
[],"[42, 82, 87, 124]",2,0,1.0
[],"[22, 105, 77, 39]",103,0,1.0
[],"[8, 88]",90,0,1.0
[],"[92, 31, 8]",99,0,1.0
[],"[44, 82, 43]",129,1,1.0
[],"[66, 74, 89]",82,0,1.0
[],"[22, 122]",90,0,1.0
[],"[4, 41]",3,1,1.0
[],"[6, 130]",119,1,1.0
[],"[87, 52, 122]",25,0,1.0
[],"[113, 26, 48]",74,0,1.0
[],"[115, 94, 70]",10,0,1.0
[],"[125, 62, 70, 79]",53,0,1.0
[],[78],51,1,1.0
[],"[127, 76]",19,1,1.0
[],"[109, 61, 65, 100]",4,1,1.0
[],"[6, 72]",71,1,1.0
[],"[63, 88]",115,0,1.0
[],"[131, 49]",113,1,1.0
[],[39],112,1,1.0
[],"[119, 96, 37, 3]",110,0,1.0
[],"[110, 107, 26]",128,1,1.0
[],"[6, 95]",16,0,1.0
[],[26],73,1,1.0
[],[61],123,1,1.0
[],"[52, 80, 8, 77]",17,0,1.0
[],"[127, 12]",40,0,1.0
[],"[12, 16]",124,1,1.0
[],"[120, 43, 92]",104,0,1.0
[],"[54, 93, 39, 58]",69,0,1.0
[],"[126, 129, 119]",128,1,1.0
[],"[27, 76, 124]",64,0,1.0
[],"[12, 123]",69,1,1.0
[],[79],46,1,1.0
[],[47],125,1,1.0
[],"[41, 6, 114]",80,0,1.0
[],"[116, 56]",109,0,1.0
[],"[67, 39, 64, 53]",28,0,1.0
[],"[16, 105, 96]",61,0,1.0
[],"[49, 44]",104,1,1.0
[],[63],60,1,1.0
[],"[61, 119, 82]",13,1,1.0
[],"[23, 93, 118]",106,1,1.0
[],[47],20,1,1.0
[],"[124, 104, 60, 93]",62,0,1.0
[],"[36, 115]",77,1,1.0
[],"[1, 35, 59, 100]",75,0,1.0
[],"[17, 40, 67]",31,0,1.0
[],[8],13,1,1.0
[],"[3, 55, 24, 63]",79,1,1.0
[],"[4, 124, 119, 103]",38,0,1.0
[],"[62, 35, 49, 126]",89,0,1.0
[],[22],44,1,1.0
[],"[103, 81, 38]",8,1,1.0
[],"[100, 117]",107,0,1.0
[],[108],95,1,1.0
[],"[54, 128, 32, 126]",53,1,1.0
[],"[121, 1, 4]",95,0,1.0
[],[43],100,0,1.0
[],"[23, 62]",116,1,1.0
[],"[39, 10]",28,1,1.0
[],"[61, 120, 13, 52]",45,0,1.0
[],"[102, 118, 62, 103]",43,1,1.0
[],[74],15,1,1.0
[],[74],37,0,1.0
[],"[62, 51, 112]",2,1,1.0
[],"[101, 127]",131,0,1.0
[],[12],124,1,1.0
[],"[106, 126, 98]",34,1,1.0
[],"[76, 55, 33, 128]",63,0,1.0
[],"[34, 17, 59]",63,1,1.0
[],"[30, 104]",60,1,1.0
[],[10],115,1,1.0
[],"[29, 66, 73, 39]",35,1,1.0
[],"[92, 64]",80,0,1.0
[],[103],15,1,1.0
[],"[74, 82, 14]",26,0,1.0
[],"[55, 79, 72]",7,1,1.0
[],"[29, 25, 17, 51]",118,0,1.0
[],"[34, 39, 13, 18]",66,1,1.0
[],"[95, 85, 3]",15,1,1.0
[],[30],123,1,1.0
[],[3],70,1,1.0
[],"[77, 97, 114, 59]",40,0,1.0
[],"[127, 34, 107]",12,0,1.0
[],"[6, 89]",35,1,1.0
[],[73],25,1,1.0
[],"[22, 89, 6, 100]",95,0,1.0
[],"[82, 44, 80, 42]",43,0,1.0
[],[40],131,1,1.0
[],"[77, 15, 52]",56,1,1.0
[],"[96, 39, 93]",76,0,1.0
[],"[104, 128]",74,0,1.0
[],"[73, 125, 87, 119]",70,1,1.0
[],"[94, 42, 107]",89,0,1.0
[],[3],21,0,1.0
[],[14],7,1,1.0
[],"[123, 55, 110, 93]",32,0,1.0
[],"[6, 13, 53, 128]",42,1,1.0
[],"[86, 107]",41,1,1.0
[],"[105, 102]",75,1,1.0
[],"[88, 111, 31, 121]",73,0,1.0
[],"[36, 128, 56, 27]",17,0,1.0
[],"[41, 73, 99, 71]",110,1,1.0
[],"[92, 94, 10]",124,0,1.0
[],"[130, 15, 107]",48,1,1.0
[],"[25, 80, 98]",89,1,1.0
[],"[81, 110, 40]",27,1,1.0
[],"[79, 119, 71]",27,1,1.0
[],"[68, 94, 82]",29,0,1.0
[],[56],94,1,1.0
[],"[60, 18]",41,1,1.0
[],"[79, 99]",52,1,1.0
[],"[119, 20, 25, 108]",32,0,1.0
[],"[22, 48]",27,1,1.0
[],"[56, 114, 10]",18,0,1.0
[],"[24, 66]",58,0,1.0
[],"[52, 69]",98,1,1.0
[],[102],125,1,1.0
[],"[93, 33, 23, 105]",2,1,1.0
[],"[63, 107]",93,1,1.0
[],[85],119,1,1.0
[],"[78, 83, 49]",120,0,1.0
[],"[99, 69, 29]",16,0,1.0
[],[52],11,1,1.0
[],"[61, 50, 30]",88,1,1.0
[],[58],65,1,1.0
[],"[105, 2, 28]",37,0,1.0
[],"[18, 58]",110,1,1.0
[],"[56, 83, 69]",99,0,1.0
[],[43],39,1,1.0
[],"[110, 85]",1,1,1.0
[],[9],29,1,1.0
[],[32],100,1,1.0
[],"[76, 128, 112]",115,0,1.0
[],"[124, 105, 81, 8]",30,0,1.0
[],[6],54,1,1.0
[],"[76, 14]",118,1,1.0
[],"[113, 95]",102,1,1.0
[],"[55, 36, 131, 123]",18,1,1.0
[],"[88, 127, 6, 11]",82,0,1.0
[],"[92, 111]",102,0,1.0
[],"[57, 89, 31, 10]",117,0,1.0
[],[123],78,1,1.0
[],"[42, 26]",63,1,1.0
[],"[16, 86]",104,1,1.0
[],"[83, 72, 22]",42,1,1.0
[],"[26, 23, 33]",101,0,1.0
[],[12],108,1,1.0
[],"[58, 49, 15, 45]",17,0,1.0
[],"[51, 128]",66,1,1.0
[],"[42, 29, 25]",47,0,1.0
[],"[79, 123, 37]",131,0,1.0
[],"[116, 64]",96,1,1.0
[],"[60, 116, 3, 101]",57,0,1.0
[],"[73, 8, 12, 117]",31,0,1.0
[],"[60, 64, 69, 34]",39,0,1.0
[],"[12, 58, 123]",78,0,1.0
[],[13],119,1,1.0
[],[87],94,1,1.0
[],[75],82,1,1.0
[],[61],124,1,1.0
[],[108],46,1,1.0
[],"[16, 18]",123,0,1.0
[],[44],57,1,1.0
[],[103],31,1,1.0
[],"[114, 2]",123,1,1.0
[],[47],75,1,1.0
[],[11],84,0,1.0
[],[36],74,1,1.0
[],"[68, 14, 51, 63]",111,1,1.0
[],"[110, 60, 31, 99]",115,0,1.0
[],"[53, 33, 13]",20,1,1.0
[],"[76, 125, 24]",13,1,1.0
[],"[78, 97, 61]",40,1,1.0
[],"[87, 7, 13]",20,1,1.0
[],"[98, 34]",61,1,1.0
[],[18],54,1,1.0
[],"[36, 12]",47,1,1.0
[],[94],91,1,1.0
[],"[11, 110, 96]",131,1,1.0
[],"[1, 34, 120]",107,0,1.0
[],[60],23,1,1.0
[],[11],130,1,1.0
[],"[115, 46]",111,1,1.0
[],"[22, 81, 90, 2]",109,0,1.0
[],"[59, 13, 7]",25,1,1.0
[],"[40, 122, 37]",9,0,1.0
[],"[131, 32]",107,1,1.0
[],"[131, 94, 16]",24,0,1.0
[],"[29, 67, 36, 5]",32,1,1.0
[],"[76, 84]",60,1,1.0
[],[72],7,1,1.0
[],[123],120,0,1.0
[],"[21, 89]",29,1,1.0
[],"[34, 120]",40,1,1.0
[],"[127, 26, 53]",67,0,1.0
[],"[113, 83, 84, 45]",125,0,1.0
[],[88],18,1,1.0
[],"[84, 20]",8,0,1.0
[],[6],57,1,1.0
[],"[54, 11]",105,1,1.0
[],[99],48,1,1.0
[],[60],28,1,1.0
[],"[17, 88, 70]",50,1,1.0
[],"[129, 101, 108, 19]",3,0,1.0
[],[95],51,1,1.0
[],"[28, 25]",57,0,1.0
[],[53],67,1,1.0
[],[108],83,1,1.0
[],"[61, 85, 27]",119,0,1.0
[],"[34, 131, 68]",7,1,1.0
[],"[125, 5, 62, 100]",130,0,1.0
[],[89],111,1,1.0
[],"[112, 17, 103, 14]",53,1,1.0
[],"[25, 90]",83,0,1.0
[],[125],126,1,1.0
[],[112],50,1,1.0
[],"[20, 1, 112]",89,0,1.0
[],[97],102,1,1.0
[],"[8, 60, 83, 76]",45,0,1.0
[],"[114, 15, 16, 110]",8,1,1.0
[],"[92, 21]",77,1,1.0
[],[51],112,1,1.0
[],"[62, 121, 120]",119,1,1.0
[],"[78, 124, 61, 111]",16,0,1.0
[],[72],86,1,1.0
[],"[38, 119, 67]",19,1,1.0
[],[14],100,1,1.0
[],[63],83,1,1.0
[],[115],48,1,1.0
[],[6],61,1,1.0
[],[41],77,1,1.0
[],[32],20,0,1.0
[],"[112, 57, 19]",74,1,1.0
[],"[118, 11, 113]",114,1,1.0
[],"[115, 105, 114, 14]",90,1,1.0
[],"[100, 77, 102]",55,0,1.0
[],"[60, 85, 51, 31]",71,0,1.0
[],"[96, 31, 124, 60]",91,0,1.0
[],"[96, 29, 69]",99,0,1.0
[],"[54, 76, 71]",99,1,1.0
[],"[85, 117]",109,0,1.0
[],"[32, 6, 7]",70,0,1.0
[],"[29, 8]",98,1,1.0
[],[63],5,0,1.0
[],[39],119,1,1.0
[],"[56, 73]",64,1,1.0
[],"[16, 2, 41]",52,1,1.0
[],"[58, 82, 64]",71,1,1.0
[],"[95, 96, 47, 85]",44,0,1.0
[],"[23, 33, 22]",127,1,1.0
[],"[65, 96]",11,1,1.0
[],"[112, 74]",130,1,1.0
[],"[23, 112, 67, 65]",87,0,1.0
[],"[51, 33, 82, 46]",13,1,1.0
[],"[16, 20, 6, 14]",107,1,1.0
[],[8],15,1,1.0
[],"[55, 50]",33,0,1.0
[],"[42, 111, 55, 25]",35,0,1.0
[],[114],106,1,1.0
[],"[96, 24, 17]",106,1,1.0
[],"[106, 64]",128,1,1.0
[],"[111, 26, 78]",20,0,1.0
[],"[124, 34, 43, 7]",33,1,1.0
[],[114],106,1,1.0
[],"[36, 67, 107, 69]",46,0,1.0
[],[62],4,1,1.0
[],"[20, 83, 88]",58,1,1.0
[],[89],122,1,1.0
[],[129],103,1,1.0
[],[81],100,1,1.0
[],"[106, 60, 4, 57]",50,0,1.0
[],"[99, 93, 12]",128,0,1.0
[],[126],89,1,1.0
[],"[109, 17]",68,1,1.0
[],"[52, 131]",107,1,1.0
[],"[89, 64, 60, 24]",22,0,1.0
[],"[10, 70]",25,1,1.0
[],"[23, 50, 90]",87,1,1.0
[],[102],32,0,1.0
[],[34],32,0,1.0
[],[4],25,1,1.0
[],"[12, 131, 109]",122,0,1.0
[],"[30, 81, 59, 94]",108,0,1.0
[],"[75, 78, 82, 98]",27,0,1.0
[],"[108, 92, 40, 13]",82,0,1.0
[],"[47, 123, 94, 113]",53,0,1.0
[],"[111, 96, 107, 41]",12,0,1.0
[],"[46, 62]",86,0,1.0
[],"[47, 23]",127,1,1.0
[],"[38, 6, 69, 91]",16,1,1.0
[],"[108, 59]",76,1,1.0
[],"[113, 69, 119]",54,1,1.0
[],"[92, 78]",58,1,1.0
[],[43],19,1,1.0
[],"[3, 32]",98,1,1.0
[],"[31, 46, 92]",80,1,1.0
[],[110],45,1,1.0
[],[22],89,1,1.0
[],"[127, 108]",71,1,1.0
[],"[48, 59, 96, 4]",39,1,1.0
[],"[36, 84, 110, 3]",4,1,1.0
[],[97],60,1,1.0
[],[58],64,1,1.0
[],"[20, 90, 109]",59,0,1.0
[],"[55, 129, 111, 107]",83,0,1.0
[],"[29, 82, 11, 99]",55,1,1.0
[],"[28, 82, 42, 87]",74,0,1.0
[],"[112, 85, 102, 63]",27,1,1.0
[],"[68, 5, 72, 27]",105,1,1.0
[],[5],78,1,1.0
[],[90],16,0,1.0
[],"[37, 113]",47,0,1.0
[],"[19, 103]",11,1,1.0
[],[101],128,1,1.0
[],[53],86,1,1.0
[],"[86, 112, 28, 22]",11,0,1.0
[],"[56, 24, 68]",122,0,1.0
[],[38],66,0,1.0
[],[34],53,1,1.0
[],"[49, 67, 111, 13]",43,0,1.0
[],"[21, 114]",91,1,1.0
[],"[88, 46, 12, 27]",115,0,1.0
[],"[113, 76, 128, 104]",92,0,1.0
[],[114],37,1,1.0
[],[38],122,1,1.0
[],[64],86,1,1.0
[],"[12, 3, 34, 46]",105,0,1.0
[],"[64, 75]",12,1,1.0
[],"[8, 18, 93]",106,0,1.0
[],[96],63,1,1.0
[],"[61, 75, 56]",48,1,1.0
[],"[74, 33, 30, 85]",130,0,1.0
[],"[87, 121]",124,1,1.0
[],"[32, 43]",109,1,1.0
[],"[84, 24]",36,1,1.0
[],"[5, 42]",102,1,1.0
[],"[87, 13, 12, 106]",2,0,1.0
[],[93],51,1,1.0
[],"[115, 20, 23, 65]",104,1,1.0
[],"[26, 62, 91]",93,0,1.0
[],[2],116,0,1.0
[],"[103, 18, 15, 127]",125,0,1.0
[],"[86, 77, 55, 105]",24,1,1.0
[],"[58, 29, 15]",47,0,1.0
[],[79],53,0,1.0
[],"[32, 82, 12, 105]",85,0,1.0
[],"[17, 40, 29]",3,0,1.0
[],"[95, 49, 68, 9]",79,0,1.0
[],[36],4,1,1.0
[],"[105, 3]",113,1,1.0
[],[60],3,1,1.0
[],"[39, 107]",36,1,1.0
[],"[3, 115, 61]",53,1,1.0
[],"[25, 56, 100, 54]",39,0,1.0
[],[17],119,1,1.0
[],"[100, 8]",74,1,1.0
[],"[113, 87, 103]",82,0,1.0
[],"[67, 79, 124, 123]",26,0,1.0
[],"[4, 54, 2]",77,0,1.0
[],[113],4,1,1.0
[],[12],69,1,1.0
[],"[47, 51, 131, 98]",66,0,1.0
[],"[31, 53, 111, 102]",120,0,1.0
[],"[125, 57, 93, 103]",1,1,1.0
[],[83],60,1,1.0
[],"[118, 92, 71, 101]",21,0,1.0
[],"[50, 39, 62, 87]",63,0,1.0
[],"[129, 116]",79,1,1.0
[],"[99, 97]",72,0,1.0
[],"[77, 74]",100,1,1.0
[],"[43, 25]",99,1,1.0
[],[25],59,1,1.0
[],[26],70,1,1.0
[],"[118, 102]",25,1,1.0
[],[12],96,1,1.0
[],"[41, 63, 9, 82]",15,0,1.0
[],"[38, 101, 55]",43,1,1.0
[],"[26, 85]",124,1,1.0
[],"[81, 70, 26, 130]",82,0,1.0
[],"[87, 114, 89]",16,0,1.0
[],"[69, 78, 17]",125,1,1.0
[],"[87, 118, 35, 126]",108,0,1.0
[],"[60, 76, 121]",9,1,1.0
[],"[44, 65]",3,1,1.0
[],[89],75,1,1.0
[],"[17, 109]",69,0,1.0
[],"[5, 86, 41]",47,1,1.0
[],"[102, 21]",55,0,1.0
[],[98],33,1,1.0
[],"[117, 96, 6]",19,0,1.0
[],"[72, 119, 88]",59,0,1.0
[],[117],7,0,1.0
[],"[48, 77, 100]",119,1,1.0
[],"[47, 95, 121]",50,1,1.0
[],"[17, 96]",107,1,1.0
[],[37],16,0,1.0
[],[110],103,1,1.0
[],"[33, 24]",58,0,1.0
[],[83],76,1,1.0
[],"[32, 85, 108, 75]",117,0,1.0
[],"[43, 37, 23]",39,1,1.0
[],"[108, 22]",131,0,1.0
[],[9],7,1,1.0
[],"[31, 21, 107, 26]",36,0,1.0
[],"[66, 65, 7, 43]",110,0,1.0
[],"[76, 117, 57, 128]",58,0,1.0
[],"[117, 55]",38,1,1.0
[],"[40, 23, 52]",58,1,1.0
[],"[3, 42, 29, 19]",117,0,1.0
[],"[68, 51, 67, 57]",47,0,1.0
[],"[106, 13, 95, 42]",69,0,1.0
[],"[46, 36]",66,0,1.0
[],[70],99,1,1.0
[],"[1, 19, 73]",37,1,1.0
[],"[19, 116]",68,1,1.0
[],[74],42,1,1.0
[],[41],18,1,1.0
[],"[31, 129, 71]",46,0,1.0
[],"[42, 107, 21, 8]",7,0,1.0
[],"[107, 47, 104, 109]",114,0,1.0
[],[76],50,0,1.0
[],"[99, 64]",122,0,1.0
[],"[63, 101]",61,0,1.0
[],[108],78,1,1.0
[],"[1, 12, 32]",22,1,1.0
[],[57],130,1,1.0
[],"[81, 40, 31, 131]",110,1,1.0
[],"[45, 21, 63]",118,0,1.0
[],[80],35,1,1.0
[],"[27, 23, 69, 67]",92,1,1.0
[],"[33, 61, 23]",93,1,1.0
[],"[75, 62]",124,0,1.0
[],"[98, 42]",87,0,1.0
[],"[7, 124, 98]",90,0,1.0
[],"[131, 35, 27, 127]",118,0,1.0
[],"[62, 112, 21, 63]",116,0,1.0
[],"[56, 44]",65,1,1.0
[],[131],108,1,1.0
[],"[114, 99]",81,1,1.0
[],"[31, 2, 88]",109,0,1.0
[],[47],4,1,1.0
[],"[39, 42]",31,1,1.0
[],"[112, 58]",23,1,1.0
[],"[129, 113, 121, 109]",93,0,1.0
[],"[70, 36, 30, 21]",3,0,1.0
[],"[119, 121]",89,0,1.0
[],"[78, 119, 85, 34]",79,1,1.0
[],"[32, 16, 97, 129]",73,1,1.0
[],"[70, 31, 65]",117,0,1.0
[],[95],21,1,1.0
[],"[125, 2, 90]",84,0,1.0
[],"[34, 54]",19,0,1.0
[],[59],96,1,1.0
[],[91],89,1,1.0
[],[39],37,1,1.0
[],"[129, 40, 123, 130]",1,0,1.0
[],"[24, 8, 113]",90,0,1.0
[],[8],69,0,1.0
[],"[116, 128]",17,0,1.0
[],"[102, 80, 82]",116,1,1.0
[],"[77, 104, 85]",35,0,1.0
[],"[117, 44, 54]",2,0,1.0
[],"[72, 130, 127, 51]",92,0,1.0
[],"[77, 72, 97]",35,0,1.0
[],[28],86,1,1.0
[],[59],32,1,1.0
[],[65],23,1,1.0
[],"[55, 14]",42,1,1.0
[],"[5, 58, 121, 72]",32,1,1.0
[],"[87, 26, 12]",108,0,1.0
[],"[59, 45, 61, 100]",24,0,1.0
[],"[117, 94, 128]",26,1,1.0
[],"[126, 24, 9]",71,1,1.0
[],[12],42,1,1.0
[],"[52, 121, 48]",5,0,1.0
[],"[86, 68, 40, 84]",19,1,1.0
[],"[115, 61, 31]",117,1,1.0
[],"[95, 89, 36, 68]",12,0,1.0
[],"[76, 89, 111, 5]",73,0,1.0
[],"[59, 48, 117]",94,1,1.0
[],"[84, 53]",61,1,1.0
[],[63],126,1,1.0
[],"[106, 61, 103, 28]",37,0,1.0
[],[33],81,1,1.0
[],"[52, 95, 71, 55]",22,1,1.0
[],[85],66,1,1.0
[],[73],46,1,1.0
[],[77],11,1,1.0
[],"[106, 19, 68]",101,0,1.0
[],[16],52,1,1.0
[],"[61, 38]",35,1,1.0
[],[26],30,1,1.0
[],"[66, 68, 9, 96]",83,1,1.0
[],[91],38,0,1.0
[],"[82, 92]",70,0,1.0
[],"[17, 87, 96]",47,0,1.0
[],[72],121,1,1.0
[],"[34, 93, 44, 114]",112,0,1.0
[],"[89, 92]",71,1,1.0
[],"[73, 109]",106,1,1.0
[],[65],57,1,1.0
[],"[53, 14, 111, 125]",26,0,1.0
[],"[98, 75]",32,1,1.0
[],"[36, 34, 65, 130]",61,0,1.0
[],[88],21,1,1.0
[],"[94, 85, 65, 119]",92,1,1.0
[],[46],27,1,1.0
[],[71],113,1,1.0
[],"[32, 85, 30]",13,1,1.0
[],[33],121,1,1.0
[],"[67, 97]",79,1,1.0
[],"[66, 100]",77,1,1.0
[],"[36, 29, 8]",53,1,1.0
[],"[27, 60, 18, 35]",90,0,1.0
[],"[38, 11, 119]",57,0,1.0
[],"[14, 74, 10]",105,1,1.0
[],"[14, 61]",36,0,1.0
[],"[121, 118, 23, 95]",114,0,1.0
[],"[7, 93, 107, 31]",17,0,1.0
[],"[12, 77, 17]",10,0,1.0
[],"[50, 44, 45]",110,0,1.0
[],"[90, 45, 50]",48,1,1.0
[],"[121, 4, 67, 123]",46,1,1.0
[],[82],9,1,1.0
[],"[129, 93]",21,1,1.0
[],"[6, 73, 112]",110,1,1.0
[],"[9, 18, 97, 53]",66,0,1.0
[],"[53, 81]",127,1,1.0
[],"[35, 105]",22,1,1.0
[],[127],110,1,1.0
[],[52],27,1,1.0
[],"[71, 90, 94, 86]",61,0,1.0
[],[48],33,1,1.0
[],"[37, 97, 22]",127,0,1.0
[],"[128, 39, 17, 33]",7,0,1.0
[],"[45, 1, 101]",49,1,1.0
[],[68],92,1,1.0
[],"[124, 65, 51, 1]",71,1,1.0
[],"[33, 131, 114, 116]",45,0,1.0
[],"[84, 68]",104,1,1.0
[],"[111, 86]",107,1,1.0
[],[70],77,1,1.0
[],[130],126,1,1.0
[],[11],108,0,1.0
[],"[28, 63, 76, 121]",21,0,1.0
[],"[111, 21]",8,0,1.0
[],[21],1,1,1.0
[],[27],120,0,1.0
[],[9],113,1,1.0
[],[74],109,1,1.0
[],"[8, 47, 53]",33,1,1.0
[],"[119, 12, 111]",32,1,1.0
[],"[15, 78, 71]",129,0,1.0
[],[46],51,1,1.0
[],"[67, 93]",72,1,1.0
[],"[36, 50]",17,1,1.0
[],"[84, 82, 116]",85,0,1.0
[],"[25, 42, 7, 45]",72,0,1.0
[],"[11, 7]",25,1,1.0
[],"[87, 50]",1,1,1.0
[],"[14, 74]",120,0,1.0
[],[120],115,1,1.0
[],"[11, 103, 114]",77,1,1.0
[],[38],92,1,1.0
[],"[11, 64]",48,1,1.0
[],"[27, 126, 48, 19]",33,1,1.0
[],"[114, 88, 78]",66,1,1.0
[],"[31, 63, 105, 120]",54,0,1.0
[],"[2, 57, 20, 26]",65,1,1.0
[],"[58, 111, 14, 88]",13,0,1.0
[],"[119, 113, 45]",24,1,1.0
[],[30],43,1,1.0
[],[65],59,1,1.0
[],"[57, 95, 81]",16,0,1.0
[],"[95, 131, 65]",117,0,1.0
[],[94],23,1,1.0
[],[36],77,1,1.0
[],[114],21,1,1.0
[],[131],101,1,1.0
[],"[63, 42, 97]",103,0,1.0
[],"[113, 119, 5, 77]",16,0,1.0
[],"[3, 74]",85,0,1.0
[],"[79, 105, 120, 6]",110,0,1.0
[],"[120, 118, 67, 107]",28,0,1.0
[],"[128, 46, 101]",111,1,1.0
[],[99],33,1,1.0
[],"[76, 53, 26]",32,1,1.0
[],"[77, 120, 25]",74,1,1.0
[],[1],37,1,1.0
[],[35],63,1,1.0
[],[70],73,1,1.0
[],"[124, 46]",87,1,1.0
[],[72],23,1,1.0
[],[20],104,1,1.0
[],"[64, 108, 4, 79]",54,0,1.0
[],"[75, 20, 24]",92,0,1.0
[],[76],42,1,1.0
[],"[35, 76, 42]",67,0,1.0
[],[61],103,1,1.0
[],[50],28,1,1.0
[],"[120, 7, 32]",23,1,1.0
[],"[26, 69, 19, 119]",38,0,1.0
[],"[79, 11]",69,0,1.0
[],"[65, 22, 32]",8,1,1.0
[],[128],40,1,1.0
[],"[99, 76]",18,1,1.0
[],[107],122,1,1.0
[],"[83, 17]",125,1,1.0
[],"[10, 28, 73, 20]",92,0,1.0
[],"[72, 74]",65,1,1.0
[],[82],49,1,1.0
[],"[41, 26, 42, 103]",118,0,1.0
[],"[76, 88, 18]",34,1,1.0
[],"[29, 23, 122]",63,1,1.0
[],[54],113,1,1.0
[],"[99, 40, 17]",62,1,1.0
[],"[65, 101, 22, 121]",56,0,1.0
[],[99],77,1,1.0
[],"[87, 110]",105,1,1.0
[],"[10, 55]",95,1,1.0
[],"[96, 24, 43]",2,1,1.0
[],"[103, 100, 38]",4,1,1.0
[],"[10, 118, 65]",34,0,1.0
[],"[86, 22]",122,1,1.0
[],[27],60,1,1.0
[],"[31, 92]",68,1,1.0
[],"[16, 37]",108,1,1.0
[],"[60, 41, 51, 32]",48,0,1.0
[],"[103, 16, 74, 118]",1,0,1.0
[],[117],67,0,1.0
[],[121],77,1,1.0
[],"[54, 15]",31,1,1.0
[],"[96, 112]",29,1,1.0
[],[11],100,1,1.0
[],"[48, 87, 9, 79]",86,1,1.0
[],[46],70,1,1.0
[],"[114, 52]",86,0,1.0
[],"[94, 114, 35]",97,0,1.0
[],"[117, 103, 130]",29,0,1.0
[],"[6, 51]",115,1,1.0
[],"[55, 95, 77, 52]",71,1,1.0
[],"[110, 8, 45]",103,0,1.0
[],[109],46,1,1.0
[],"[70, 10, 102]",110,1,1.0
[],"[128, 94, 106, 120]",27,0,1.0
[],"[130, 105, 85, 29]",118,0,1.0
[],"[11, 2]",69,0,1.0
[],"[27, 92]",72,0,1.0
[],"[93, 104]",80,0,1.0
[],"[75, 3]",78,1,1.0
[],"[60, 30, 109]",52,1,1.0
[],"[112, 56, 125]",96,0,1.0
[],"[124, 73]",101,1,1.0
[],"[115, 127]",26,1,1.0
[],[124],73,1,1.0
[],"[100, 110, 39]",91,0,1.0
[],"[115, 42]",16,1,1.0
[],"[79, 29, 23]",123,0,1.0
[],"[11, 43, 5, 81]",112,0,1.0
[],"[42, 84, 3]",25,1,1.0
[],"[74, 1, 73, 126]",103,0,1.0
[],[62],68,1,1.0
[],"[32, 122, 92]",55,0,1.0
[],"[119, 115]",70,1,1.0
[],[65],130,0,1.0
[],"[60, 64, 111]",37,0,1.0
[],"[94, 85, 58]",21,0,1.0
[],"[48, 37, 12]",6,0,1.0
[],"[35, 80, 76, 30]",14,0,1.0
[],"[44, 58, 105]",102,0,1.0
[],"[53, 102]",123,1,1.0
[],[53],81,1,1.0
[],"[124, 127, 49]",89,1,1.0
[],[7],102,1,1.0
[],"[22, 24, 9]",71,1,1.0
[],"[8, 105, 122]",73,1,1.0
[],"[61, 1, 106]",14,1,1.0
[],"[111, 44, 6]",102,0,1.0
[],"[33, 91, 115, 26]",40,1,1.0
[],"[20, 86, 120]",69,1,1.0
[],"[88, 100]",15,1,1.0
[],"[67, 127, 13]",53,0,1.0
[],[129],107,1,1.0
[],"[98, 76, 28, 66]",70,1,1.0
[],"[1, 63]",78,1,1.0
[],"[93, 35, 30, 31]",127,0,1.0
[],"[42, 84, 29, 33]",9,1,1.0
[],"[89, 25, 119]",12,0,1.0
[],"[97, 19, 90, 107]",113,0,1.0
[],[22],64,0,1.0
[],"[103, 39, 101, 40]",45,0,1.0
[],"[96, 121, 103, 95]",64,0,1.0
[],"[127, 6, 18, 91]",58,0,1.0
[],"[22, 103, 36, 72]",73,1,1.0
[],[69],50,1,1.0
[],[115],108,1,1.0
[],"[43, 88]",39,1,1.0
[],"[128, 74, 120]",54,0,1.0
[],[127],131,0,1.0
[],"[120, 9]",31,1,1.0
[],[47],15,1,1.0
[],"[4, 15, 119, 126]",22,0,1.0
[],"[1, 92, 103]",83,0,1.0
[],[84],9,1,1.0
[],"[6, 127, 91]",83,0,1.0
[],"[86, 29]",80,0,1.0
[],"[4, 45]",37,0,1.0
[],"[92, 23]",57,0,1.0
[],"[87, 70, 84]",86,1,1.0
[],"[3, 64, 120]",38,1,1.0
[],"[104, 48]",43,1,1.0
[],[19],79,1,1.0
[],"[117, 85]",80,0,1.0
[],[37],96,1,1.0
[],"[62, 93, 53]",48,0,1.0
[],"[110, 51]",130,1,1.0
[],"[72, 46]",76,0,1.0
[],"[39, 121, 89]",78,0,1.0
[],[115],118,1,1.0
[],"[61, 115, 48, 88]",75,0,1.0
[],"[74, 97, 31, 90]",78,0,1.0
[],"[39, 105, 9, 63]",28,0,1.0
[],[35],12,1,1.0
[],"[29, 25]",121,1,1.0
[],"[126, 30, 120, 127]",61,0,1.0
[],"[21, 105, 64, 37]",123,0,1.0
[],"[89, 106, 47]",126,0,1.0
[],"[87, 6, 121]",88,0,1.0
[],"[6, 111, 21, 81]",93,0,1.0
[],[99],113,1,1.0
[],"[105, 28, 30, 88]",112,0,1.0
[],"[26, 89, 43]",15,1,1.0
[],"[9, 82]",48,0,1.0
[],"[1, 34, 39, 81]",73,1,1.0
[],"[5, 50, 103, 63]",68,0,1.0
[],[64],78,1,1.0
[],"[19, 36]",52,0,1.0
[],"[25, 38]",9,1,1.0
[],"[60, 64, 4]",78,1,1.0
[],"[98, 91, 47, 15]",10,1,1.0
[],"[51, 5]",40,1,1.0
[],"[34, 1]",33,1,1.0
[],"[72, 76, 116]",79,1,1.0
[],"[36, 104, 45]",35,1,1.0
[],[114],40,0,1.0
[],[49],78,0,1.0
[],"[121, 77, 131]",35,0,1.0
[],[95],65,1,1.0
[],"[126, 52, 14]",99,0,1.0
[],"[73, 109, 23]",81,1,1.0
[],[127],41,1,1.0
[],"[2, 39, 69, 90]",48,0,1.0
[],[22],92,1,1.0
[],"[70, 35]",31,1,1.0
[],"[5, 48, 116, 43]",117,0,1.0
[],"[45, 30, 6]",131,0,1.0
[],"[106, 121, 99, 5]",36,0,1.0
[],"[43, 120]",118,1,1.0
[],"[16, 54, 46]",108,1,1.0
[],[8],72,1,1.0
[],[74],125,1,1.0
[],"[32, 8, 82]",38,1,1.0
[],[44],45,1,1.0
[],"[53, 25, 106, 24]",57,0,1.0
[],[5],54,1,1.0
[],"[98, 64, 95]",89,0,1.0
[],[66],74,1,1.0
[],"[103, 111, 93]",41,0,1.0
[],[2],80,1,1.0
[],"[86, 10]",122,1,1.0
[],"[33, 128]",65,1,1.0
[],"[7, 10]",5,1,1.0
[],"[6, 68]",11,1,1.0
[],"[68, 53, 83]",125,0,1.0
[],"[11, 104, 64]",15,1,1.0
[],[53],13,0,1.0
[],"[17, 102, 85]",53,1,1.0
[],[62],46,1,1.0
[],[43],69,1,1.0
[],"[18, 88, 64]",11,1,1.0
[],"[19, 124]",11,1,1.0
[],[126],85,1,1.0
[],[56],124,1,1.0
[],"[16, 70, 50]",43,1,1.0
[],"[71, 130, 62]",106,1,1.0
[],"[29, 12]",94,1,1.0
[],"[80, 92, 31, 106]",26,0,1.0
[],"[76, 42]",112,1,1.0
[],"[112, 51, 104]",92,0,1.0
[],"[81, 68]",120,0,1.0
[],[20],95,1,1.0
[],"[73, 80, 79, 131]",16,0,1.0
[],[108],22,1,1.0
[],[34],13,1,1.0
[],[48],76,1,1.0
[],"[123, 130, 36]",72,0,1.0
[],"[95, 78, 130, 12]",17,0,1.0
[],"[101, 127]",70,1,1.0
[],"[15, 26, 111]",68,0,1.0
[],"[29, 109, 91]",126,0,1.0
[],[122],127,1,1.0
[],"[72, 12]",122,1,1.0
[],[37],93,1,1.0
[],"[122, 47]",89,1,1.0
[],"[80, 57, 52]",130,1,1.0
[],"[105, 72, 86, 124]",130,0,1.0
[],"[82, 101]",106,0,1.0
[],[99],91,1,1.0
[],[95],85,1,1.0
[],[75],87,1,1.0
[],"[48, 70]",52,1,1.0
[],[11],98,1,1.0
[],"[93, 15]",86,0,1.0
[],"[10, 11, 105, 15]",7,0,1.0
[],"[47, 48, 8, 114]",66,1,1.0
[],"[82, 91, 84]",118,0,1.0
[],"[109, 117, 79, 103]",101,0,1.0
[],"[112, 35, 68]",113,1,1.0
[],"[85, 114]",24,1,1.0
[],[74],111,1,1.0
[],"[8, 60]",33,1,1.0
[],"[43, 34]",102,0,1.0
[],"[102, 128, 48]",26,1,1.0
[],"[111, 98, 16]",60,0,1.0
[],[118],50,1,1.0
[],"[20, 52]",92,0,1.0
[],"[48, 113, 129]",107,1,1.0
[],"[78, 64, 56, 28]",22,0,1.0
[],"[30, 48, 123, 40]",57,1,1.0
[],"[76, 5]",81,1,1.0
[],"[53, 114]",44,1,1.0
[],"[16, 128, 27]",41,0,1.0
[],"[5, 30]",31,1,1.0
[],[85],63,1,1.0
[],"[60, 32, 10, 25]",46,0,1.0
[],[13],80,1,1.0
[],"[5, 49]",50,0,1.0
[],[16],104,1,1.0
[],"[95, 106, 73]",39,1,1.0
[],"[57, 24]",9,1,1.0
[],"[7, 47, 99]",98,0,1.0
[],"[116, 36, 56, 70]",121,0,1.0
[],"[106, 130, 67, 46]",94,0,1.0
[],"[13, 57]",68,0,1.0
[],"[49, 24]",56,1,1.0
[],[20],125,1,1.0
[],"[62, 107, 69]",51,0,1.0
[],[126],91,1,1.0
[],"[59, 32, 85]",37,0,1.0
[],"[1, 19]",105,0,1.0
[],"[117, 71]",107,0,1.0
[],"[49, 77, 24]",56,0,1.0
[],"[114, 29, 103, 10]",96,0,1.0
[],"[64, 15, 131, 60]",6,0,1.0
[],"[105, 37, 9, 123]",131,0,1.0
[],"[49, 10, 15]",36,0,1.0
[],[93],76,1,1.0
[],"[39, 63, 59, 18]",66,0,1.0
[],"[46, 81, 5]",17,1,1.0
[],"[113, 54]",114,1,1.0
[],[43],31,0,1.0
[],"[11, 83, 56]",91,1,1.0
[],[40],61,1,1.0
[],[44],127,1,1.0
[],"[13, 25, 100]",48,1,1.0
[],"[48, 18, 15]",83,1,1.0
[],"[5, 129, 101, 64]",28,1,1.0
[],"[77, 45, 94]",9,0,1.0
[],"[107, 12]",5,1,1.0
[],"[22, 27, 47]",8,0,1.0
[],"[65, 33, 99, 81]",90,0,1.0
[],"[78, 30, 1]",64,0,1.0
[],"[122, 58]",108,0,1.0
[],[63],60,1,1.0
[],[63],61,0,1.0
[],"[56, 121, 123, 27]",83,0,1.0
[],"[90, 74]",106,0,1.0
[],"[88, 125, 53]",67,1,1.0
[],"[103, 39, 116]",87,0,1.0
[],"[85, 51]",17,0,1.0
[],"[76, 75, 17]",51,0,1.0
[],[72],119,1,1.0
[],"[83, 93]",43,1,1.0
[],"[85, 112]",9,0,1.0
[],"[82, 21, 104, 117]",51,0,1.0
[],[2],89,1,1.0
[],"[46, 13]",91,0,1.0
[],[103],97,0,1.0
[],"[116, 104]",47,0,1.0
[],"[123, 96, 92]",98,0,1.0
[],"[107, 119]",45,1,1.0
[],"[46, 94, 127]",43,1,1.0
[],[99],81,1,1.0
[],[35],83,1,1.0
[],"[75, 23, 62, 100]",128,0,1.0
[],"[3, 105, 79]",77,0,1.0
[],[37],23,1,1.0
[],"[108, 20, 107]",121,0,1.0
[],"[62, 5]",86,0,1.0
[],"[88, 105, 28, 92]",104,0,1.0
[],[87],110,1,1.0
[],"[33, 129, 35]",78,0,1.0
[],[66],4,1,1.0
[],"[74, 60]",127,1,1.0
[],"[2, 17, 117, 44]",7,0,1.0
[],"[81, 61]",33,0,1.0
[],"[23, 28, 51, 85]",84,0,1.0
[],[42],61,1,1.0
[],"[76, 52, 113]",4,1,1.0
[],[84],63,1,1.0
[],[88],56,1,1.0
[],"[131, 85, 112, 47]",40,0,1.0
[],"[63, 119, 31, 110]",32,0,1.0
[],"[96, 123, 104]",57,0,1.0
[],"[16, 119, 90]",58,1,1.0
[],"[79, 103]",68,1,1.0
[],"[101, 38, 7]",53,1,1.0
[],"[40, 35, 10, 113]",114,0,1.0
[],[52],115,0,1.0
[],[32],56,1,1.0
[],[62],90,1,1.0
[],"[118, 85]",57,1,1.0
[],"[66, 27, 106]",8,1,1.0
[],[121],48,1,1.0
[],"[43, 45, 73, 5]",112,1,1.0
[],"[12, 67, 93]",87,0,1.0
[],"[83, 116]",91,1,1.0
[],"[1, 31]",84,1,1.0
[],"[127, 28, 114]",59,0,1.0
[],"[49, 14]",121,1,1.0
[],[129],85,1,1.0
[],"[74, 52, 36]",63,1,1.0
[],"[62, 1, 85, 128]",49,0,1.0
[],"[62, 118, 102]",48,0,1.0
[],"[43, 74, 83, 7]",71,0,1.0
[],"[17, 66, 104]",71,1,1.0
[],"[22, 64, 98, 37]",73,0,1.0
[],[118],74,1,1.0
[],"[71, 59, 98, 13]",6,0,1.0
[],"[57, 120, 14]",88,0,1.0
[],"[1, 75]",91,0,1.0
[],"[6, 90, 54]",104,0,1.0
[],[52],125,0,1.0
[],"[104, 106, 101]",69,1,1.0
[],"[82, 8, 63, 1]",129,0,1.0
[],"[10, 100, 130]",39,0,1.0
[],"[107, 131]",124,1,1.0
[],"[46, 88, 27, 105]",26,0,1.0
[],"[112, 12]",54,1,1.0
[],"[38, 18, 98]",49,1,1.0
[],"[110, 85, 80]",101,0,1.0
[],"[71, 21]",58,0,1.0
[],"[98, 108]",48,1,1.0
[],"[49, 121]",89,0,1.0
[],"[122, 88, 118, 103]",45,0,1.0
[],"[46, 124]",8,1,1.0
[],"[84, 13, 81, 73]",96,1,1.0
[],[33],73,1,1.0
[],"[126, 22, 105]",53,0,1.0
[],[76],101,0,1.0
[],"[40, 1, 72, 91]",42,1,1.0
[],[95],6,1,1.0
[],"[69, 20, 71, 93]",44,1,1.0
[],[64],45,0,1.0
[],[60],79,0,1.0
[],"[90, 92, 11, 111]",27,0,1.0
[],"[80, 58, 85, 29]",43,0,1.0
[],[123],99,1,1.0
[],"[81, 86, 57]",39,1,1.0
[],"[53, 14, 8, 113]",6,0,1.0
[],[93],127,1,1.0
[],[4],35,1,1.0
[],"[7, 85, 29, 107]",3,0,1.0
[],[97],35,1,1.0
[],[123],99,1,1.0
[],"[115, 51, 2, 16]",71,1,1.0
[],"[119, 100]",105,0,1.0
[],"[129, 92]",11,1,1.0
[],[16],79,1,1.0
[],"[75, 11]",76,0,1.0
[],"[80, 46, 65, 11]",118,0,1.0
[],"[66, 86, 70, 71]",82,1,1.0
[],"[95, 88]",107,1,1.0
[],"[125, 114, 95]",7,1,1.0
[],"[20, 97, 37, 123]",81,0,1.0
[],"[54, 93]",41,1,1.0
[],[50],78,1,1.0
[],"[57, 19, 9]",76,0,1.0
[],[50],47,1,1.0
[],[119],78,1,1.0
[],"[89, 26, 123]",64,0,1.0
[],"[7, 36, 114, 42]",63,1,1.0
[],[70],118,1,1.0
[],"[80, 1, 120]",85,0,1.0
[],"[10, 85, 111, 88]",41,0,1.0
[],"[68, 35, 76, 83]",12,1,1.0
[],"[71, 66, 97]",69,1,1.0
[],"[103, 21, 18, 104]",8,0,1.0
[],"[97, 116]",13,1,1.0
[],"[18, 93, 4, 75]",82,0,1.0
[],"[94, 10, 100]",120,0,1.0
[],"[27, 68]",86,0,1.0
[],[35],92,0,1.0
[],[24],116,0,1.0
[],"[45, 91, 55]",29,0,1.0
[],[61],11,1,1.0
[],[71],14,1,1.0
[],"[37, 13, 36, 72]",39,0,1.0
[],"[54, 23, 65, 21]",129,0,1.0
[],[73],52,1,1.0
[],"[15, 92, 4, 32]",28,0,1.0
[],"[73, 80, 129, 7]",75,0,1.0
[],"[12, 23, 5, 25]",28,1,1.0
[],"[94, 97, 30, 40]",10,0,1.0
[],[95],5,1,1.0
[],"[60, 17, 18, 100]",21,0,1.0
[],[26],101,1,1.0
[],[118],100,1,1.0
[],"[65, 99, 29]",126,0,1.0
[],[37],117,1,1.0
[],"[76, 61, 11]",116,0,1.0
[],"[103, 86, 65]",40,0,1.0
[],"[117, 126, 4]",54,1,1.0
[],"[52, 80, 8]",96,0,1.0
[],"[70, 95, 50, 37]",104,0,1.0
[],"[127, 14, 22]",86,1,1.0
[],"[47, 117, 45]",6,0,1.0
[],[34],125,1,1.0
[],"[38, 70, 29, 118]",61,0,1.0
[],"[124, 6, 5, 71]",86,0,1.0
[],"[55, 1, 117]",3,0,1.0
[],"[65, 36, 68, 67]",6,1,1.0
[],"[36, 17, 63]",114,1,1.0
[],"[60, 33]",67,1,1.0
[],"[97, 9]",66,1,1.0
[],[104],94,1,1.0
[],"[33, 24]",95,1,1.0
[],"[8, 121, 124]",102,0,1.0
[],"[116, 15, 123]",60,1,1.0
[],"[88, 106]",52,1,1.0
[],"[115, 88, 33, 37]",79,1,1.0
[],"[48, 41, 129]",82,1,1.0
[],"[91, 81]",113,1,1.0
[],"[76, 62, 9]",24,1,1.0
[],"[116, 7, 36]",108,0,1.0
[],[89],108,1,1.0
[],"[95, 1]",40,0,1.0
[],"[38, 89]",110,0,1.0
[],"[109, 131, 17]",36,1,1.0
[],"[119, 59, 81, 100]",48,1,1.0
[],"[103, 118]",63,1,1.0
[],"[121, 60, 115]",130,0,1.0
[],"[29, 63, 93, 85]",126,0,1.0
[],"[92, 94, 111, 22]",17,0,1.0
[],"[15, 18, 99]",120,1,1.0
[],"[89, 81]",90,0,1.0
[],"[107, 70, 91]",50,0,1.0
[],[127],93,1,1.0
[],"[123, 63, 110, 87]",30,0,1.0
[],"[20, 41, 29]",43,1,1.0
[],"[48, 83, 110]",59,0,1.0
[],"[75, 23, 68, 20]",1,0,1.0
[],"[42, 57, 105, 48]",118,0,1.0
[],"[4, 89, 118]",6,1,1.0
[],[127],49,1,1.0
[],"[7, 60, 78, 2]",99,0,1.0
[],"[53, 83, 44]",84,0,1.0
[],"[59, 127, 120]",97,0,1.0
[],[69],9,1,1.0
[],"[18, 10]",15,1,1.0
[],"[7, 17]",28,1,1.0
[],"[63, 40, 67, 80]",25,0,1.0
[],"[107, 25]",22,1,1.0
[],"[10, 100, 25, 58]",38,0,1.0
[],"[83, 77, 50]",3,1,1.0
[],"[2, 16]",128,1,1.0
[],[4],18,1,1.0
[],"[64, 113]",70,1,1.0
[],[13],8,1,1.0
[],[122],5,1,1.0
[],"[123, 103, 120, 25]",90,0,1.0
[],"[18, 34]",109,1,1.0
[],[2],61,1,1.0
[],"[13, 83]",53,0,1.0
[],[5],72,1,1.0
[],"[97, 120, 63]",87,1,1.0
[],"[54, 12, 129]",116,1,1.0
[],"[75, 118, 35, 117]",119,0,1.0
[],[5],30,1,1.0
[],[33],40,1,1.0
[],"[44, 50]",80,1,1.0
[],[94],126,0,1.0
[],"[73, 99]",125,1,1.0
[],[83],120,0,1.0
[],[40],64,1,1.0
[],"[111, 26, 51]",122,0,1.0
[],"[122, 90, 101]",114,1,1.0
[],"[48, 103, 67, 64]",82,0,1.0
[],"[15, 128]",97,1,1.0
[],"[37, 10, 106]",23,1,1.0
[],[42],126,0,1.0
[],"[68, 14, 129, 64]",25,0,1.0
[],"[112, 81]",76,1,1.0
[],"[9, 100, 88, 20]",68,1,1.0
[],"[92, 93]",122,1,1.0
[],"[71, 27, 37, 46]",45,0,1.0
[],"[3, 117, 37]",94,0,1.0
[],"[23, 80, 3]",55,1,1.0
[],"[66, 29, 37]",46,0,1.0
[],"[6, 5]",96,0,1.0
[],"[44, 51, 124, 79]",84,0,1.0
[],[34],7,1,1.0
[],[120],48,1,1.0
[],"[56, 118, 111, 83]",76,0,1.0
[],"[104, 85, 17, 39]",51,0,1.0
[],"[79, 72, 84]",5,1,1.0
[],"[63, 33, 74, 30]",26,1,1.0
[],"[24, 57, 110]",44,1,1.0
[],"[13, 31, 128]",1,0,1.0
[],"[107, 35]",123,1,1.0
[],"[92, 87]",5,1,1.0
[],"[57, 96]",121,1,1.0
[],[2],68,1,1.0
[],"[19, 108]",38,1,1.0
[],[131],55,1,1.0
[],"[115, 4, 32, 108]",43,1,1.0
[],"[81, 23, 80, 72]",115,0,1.0
[],"[84, 127, 13]",80,0,1.0
[],[56],130,1,1.0
[],"[130, 70]",118,1,1.0
[],"[125, 11, 78]",114,1,1.0
[],"[127, 46, 8, 40]",5,0,1.0
[],"[48, 26]",126,1,1.0
[],"[8, 93, 131, 43]",15,0,1.0
[],[98],53,1,1.0
[],"[63, 124, 73, 79]",92,0,1.0
[],"[4, 54, 81, 85]",13,1,1.0
[],"[28, 129]",128,1,1.0
[],"[38, 56]",110,0,1.0
[],[119],85,1,1.0
[],"[54, 94, 61]",114,1,1.0
[],"[130, 93, 65, 29]",66,0,1.0
[],"[41, 43, 6, 109]",124,0,1.0
[],[114],129,1,1.0
[],[89],68,1,1.0
[],"[108, 13, 117]",98,0,1.0
[],[73],31,0,1.0
[],"[112, 88, 65, 58]",72,0,1.0
[],"[52, 71, 110]",96,0,1.0
[],[61],9,1,1.0
[],"[44, 73, 103]",63,1,1.0
[],[119],77,1,1.0
[],[109],1,1,1.0
[],"[106, 104, 77, 90]",61,0,1.0
[],"[45, 84, 6]",76,1,1.0
[],"[85, 39, 26, 20]",56,0,1.0
[],[65],109,1,1.0
[],"[27, 50, 83, 73]",22,1,1.0
[],"[10, 20]",30,1,1.0
[],"[111, 58, 50]",39,0,1.0
[],[80],113,1,1.0
[],[40],25,1,1.0
[],[22],33,1,1.0
[],[40],85,1,1.0
[],"[56, 38, 37]",52,0,1.0
[],"[55, 115]",15,0,1.0
[],[55],123,1,1.0
[],"[35, 40, 113, 118]",7,0,1.0
[],"[39, 49, 1]",36,1,1.0
[],"[110, 111, 85]",123,0,1.0
[],"[39, 108, 120]",9,0,1.0
[],"[7, 27, 92]",58,0,1.0
[],[129],49,1,1.0
[],[113],79,1,1.0
[],"[49, 52]",19,0,1.0
[],"[90, 64, 23]",96,0,1.0
[],"[1, 51]",114,0,1.0
[],"[70, 108, 82, 71]",69,0,1.0
[],"[34, 39]",78,0,1.0
[],"[121, 91, 12, 69]",81,1,1.0
[],"[43, 77]",53,0,1.0
[],"[17, 62]",49,0,1.0
[],"[14, 76, 67, 113]",8,0,1.0
[],"[50, 60]",103,1,1.0
[],"[5, 23]",81,1,1.0
[],"[128, 62, 46, 115]",3,0,1.0
[],[75],82,1,1.0
[],"[105, 52, 29]",64,0,1.0
[],"[78, 52]",111,1,1.0
[],[40],85,1,1.0
[],"[99, 61]",116,0,1.0
[],[45],5,1,1.0
[],"[129, 98, 92]",63,0,1.0
[],[16],113,1,1.0
[],[31],93,1,1.0
[],"[3, 120, 110]",117,0,1.0
[],"[116, 36, 106]",72,0,1.0
[],[20],68,1,1.0
[],"[74, 121, 18, 88]",90,0,1.0
[],"[66, 22]",116,1,1.0
[],"[130, 125]",90,1,1.0
[],"[97, 54, 43, 51]",75,0,1.0
[],[86],97,1,1.0
[],"[17, 51, 99, 50]",43,0,1.0
[],"[99, 21, 124, 53]",64,0,1.0
[],"[46, 94, 95, 76]",48,1,1.0
[],"[114, 44, 51, 22]",84,0,1.0
[],"[121, 20]",113,1,1.0
[],[78],70,0,1.0
[],"[119, 126]",95,1,1.0
[],"[127, 74, 131, 73]",66,1,1.0
[],"[95, 75]",74,1,1.0
[],"[15, 85, 16, 90]",47,0,1.0
[],"[32, 123, 64]",126,1,1.0
[],"[94, 79]",9,1,1.0
[],"[44, 34, 85, 65]",72,0,1.0
[],"[94, 84, 131]",105,0,1.0
[],[114],55,1,1.0
[],"[16, 113]",66,1,1.0
[],"[16, 17, 83, 87]",84,0,1.0
[],[99],56,1,1.0
[],"[65, 10, 44]",19,0,1.0
[],"[12, 15, 52, 124]",38,0,1.0
[],"[75, 13, 86, 1]",104,1,1.0
[],"[14, 16]",58,1,1.0
[],[131],102,1,1.0
[],"[121, 71]",131,1,1.0
[],"[37, 52]",68,0,1.0
[],"[58, 85, 93]",73,1,1.0
[],[69],62,1,1.0
[],[99],124,1,1.0
[],"[89, 74, 121]",38,1,1.0
[],"[72, 63, 68]",97,0,1.0
[],[12],104,1,1.0
[],"[17, 113, 33, 36]",80,1,1.0
[],"[128, 1, 17]",39,0,1.0
[],"[79, 15, 114]",131,1,1.0
[],"[1, 42, 93, 79]",94,0,1.0
[],"[12, 99]",122,0,1.0
[],"[97, 43]",3,1,1.0
[],"[27, 83, 101]",111,1,1.0
[],"[29, 22]",86,1,1.0
[],[44],82,1,1.0
[],"[3, 86, 96]",1,1,1.0
[],"[91, 71]",131,1,1.0
[],"[117, 39, 24]",122,0,1.0
[],"[84, 92, 70]",126,0,1.0
[],[94],5,1,1.0
[],[85],78,1,1.0
[],"[29, 68, 95]",73,1,1.0
[],[50],9,1,1.0
[],"[85, 55, 28, 34]",79,1,1.0
[],"[105, 74]",59,0,1.0
[],"[101, 13]",70,1,1.0
[],[70],109,1,1.0
[],"[61, 122]",67,0,1.0
[],"[128, 7, 99]",103,1,1.0
[],"[129, 108, 105]",124,1,1.0
[],"[14, 59, 51]",127,0,1.0
[],"[31, 62, 17, 10]",99,0,1.0
[],[15],39,1,1.0
[],[65],5,1,1.0
[],"[93, 66]",9,0,1.0
[],"[71, 16]",62,1,1.0
[],[75],34,1,1.0
[],"[78, 28, 128, 22]",14,0,1.0
[],"[46, 104, 3, 32]",120,0,1.0
[],"[101, 99]",71,1,1.0
[],"[10, 90, 43, 109]",112,0,1.0
[],"[108, 84]",76,1,1.0
[],[70],59,1,1.0
[],"[126, 72, 51]",69,0,1.0
[],"[109, 2]",87,0,1.0
[],"[64, 44, 56, 18]",113,0,1.0
[],[12],66,1,1.0
[],[40],128,1,1.0
[],[125],102,1,1.0
[],"[95, 52, 94]",32,1,1.0
[],"[129, 11]",68,0,1.0
[],[81],69,1,1.0
[],"[100, 30, 80, 63]",25,0,1.0
[],"[82, 102, 122]",113,0,1.0
[],"[85, 96, 76]",33,0,1.0
[],[63],118,1,1.0
[],[58],42,0,1.0
[],"[105, 52, 28]",61,0,1.0
[],"[120, 29]",81,0,1.0
[],[66],51,1,1.0
[],"[98, 10]",20,0,1.0
[],[128],59,1,1.0
[],"[120, 66, 58]",124,1,1.0
[],"[32, 83]",12,1,1.0
[],[122],32,1,1.0
[],"[4, 17, 116, 52]",77,1,1.0
[],"[109, 8, 31]",113,0,1.0
[],[126],83,1,1.0
[],"[6, 60]",51,1,1.0
[],"[47, 112, 34, 28]",43,1,1.0
[],"[100, 126, 128]",106,1,1.0
[],"[124, 102, 90]",83,0,1.0
[],[124],29,1,1.0
[],[3],28,1,1.0
[],"[23, 92, 74]",122,1,1.0
[],"[11, 59]",15,1,1.0
[],"[74, 18]",126,1,1.0
[],"[13, 103, 92]",96,1,1.0
[],"[10, 75, 59]",33,0,1.0
[],"[71, 4, 43]",36,1,1.0
[],[93],65,1,1.0
[],"[46, 72, 74, 107]",82,0,1.0
[],"[15, 121, 34]",86,0,1.0
[],"[79, 47]",10,1,1.0
[],[118],55,1,1.0
[],"[70, 112, 30]",130,1,1.0
[],"[20, 61]",39,1,1.0
[],"[95, 122, 117, 130]",28,0,1.0
[],"[101, 65, 60, 89]",113,0,1.0
[],"[37, 97]",103,0,1.0
[],[31],81,1,1.0
[],"[42, 110]",41,1,1.0
[],"[122, 95, 16]",46,1,1.0
[],"[30, 55]",88,1,1.0
[],"[8, 95, 49]",82,0,1.0
[],"[26, 87, 113]",117,0,1.0
[],[2],67,0,1.0
[],"[81, 90, 124]",54,0,1.0
[],"[29, 110, 12, 108]",116,0,1.0
[],"[13, 77, 60]",99,0,1.0
[],"[9, 21]",22,1,1.0
[],"[56, 10, 62]",84,0,1.0
[],"[105, 19, 71]",9,0,1.0
[],"[63, 44]",130,1,1.0
[],"[116, 37]",71,1,1.0
[],"[58, 29, 73, 76]",35,1,1.0
[],[14],11,1,1.0
[],"[118, 27, 107, 130]",62,0,1.0
[],"[37, 91, 51]",11,0,1.0
[],"[90, 36, 56]",35,1,1.0
[],"[126, 86]",92,1,1.0
[],"[120, 106]",17,1,1.0
[],[123],119,1,1.0
[],"[30, 88, 23, 19]",18,1,1.0
[],"[1, 2, 127, 19]",116,0,1.0
[],"[12, 22, 74, 125]",19,1,1.0
[],"[22, 110]",11,1,1.0
[],"[120, 27]",39,1,1.0
[],[65],75,1,1.0
[],"[119, 11, 102, 51]",98,1,1.0
[],"[14, 33]",53,1,1.0
[],"[123, 52, 3, 38]",103,0,1.0
[],[126],97,1,1.0
[],"[17, 9, 67]",44,0,1.0
[],[103],61,1,1.0
[],"[102, 69]",77,1,1.0
[],"[53, 47, 87, 128]",110,1,1.0
[],"[21, 8]",123,1,1.0
[],"[84, 124]",86,1,1.0
[],"[77, 98, 46]",22,1,1.0
[],"[117, 105, 14, 40]",124,0,1.0
[],"[13, 114, 62, 83]",34,0,1.0
[],[33],91,0,1.0
[],[27],86,1,1.0
[],[116],15,1,1.0
[],[29],104,1,1.0
[],"[82, 74]",67,1,1.0
[],"[38, 13, 111]",72,0,1.0
[],"[15, 44]",21,1,1.0
[],[8],115,1,1.0
[],"[37, 20, 94, 39]",68,1,1.0
[],"[20, 131, 99, 4]",9,0,1.0
[],[85],68,1,1.0
[],"[109, 114, 117]",67,0,1.0
[],"[69, 63, 36, 103]",24,1,1.0
[],[52],99,1,1.0
[],"[131, 93, 83]",107,0,1.0
[],"[100, 24, 21]",31,0,1.0
[],"[102, 74, 18, 17]",96,1,1.0
[],"[36, 87, 129, 79]",100,0,1.0
[],[69],118,0,1.0
[],"[8, 117]",53,1,1.0
[],[64],75,1,1.0
[],[32],64,1,1.0
[],"[98, 103, 34, 131]",106,0,1.0
[],"[19, 131, 90]",122,1,1.0
[],"[7, 80, 87, 52]",114,0,1.0
[],"[18, 81, 20]",21,1,1.0
[],"[120, 58, 116]",16,0,1.0
[],[93],46,1,1.0
[],"[110, 77]",41,1,1.0
[],[108],13,1,1.0
[],[121],43,0,1.0
[],"[64, 114, 102]",87,1,1.0
[],"[8, 54, 117]",99,0,1.0
[],"[125, 9, 119]",128,0,1.0
[],"[32, 41, 69, 106]",96,1,1.0
[],"[131, 99, 113, 16]",59,0,1.0
[],"[111, 72, 121]",61,1,1.0
[],[57],2,1,1.0
[],[121],53,0,1.0
[],"[103, 76, 49, 63]",85,1,1.0
[],[77],10,1,1.0
[],[39],42,0,1.0
[],"[124, 43, 36]",119,0,1.0
[],"[44, 19]",6,0,1.0
[],"[83, 6]",108,1,1.0
[],"[89, 23]",18,0,1.0
[],[113],42,0,1.0
[],"[124, 50, 102, 105]",11,0,1.0
[],"[102, 24, 117, 72]",46,1,1.0
[],"[1, 38]",107,0,1.0
[],"[85, 72]",120,0,1.0
[],"[63, 72, 26]",8,1,1.0
[],[105],14,1,1.0
[],"[88, 38, 77, 39]",107,0,1.0
[],[127],31,1,1.0
[],[83],99,1,1.0
[],"[78, 81]",103,0,1.0
[],"[115, 43, 56, 53]",111,0,1.0
[],"[82, 60]",52,1,1.0
[],[115],122,1,1.0
[],[84],14,1,1.0
[],"[64, 85, 42]",76,1,1.0
[],"[6, 22]",17,1,1.0
[],"[128, 100, 6, 78]",81,1,1.0
[],"[126, 23, 73, 93]",95,1,1.0
[],[27],14,1,1.0
[],"[44, 105, 129]",15,0,1.0
[],"[128, 72]",116,1,1.0
[],"[94, 107, 122]",128,1,1.0
[],"[128, 102]",96,1,1.0
[],"[60, 81]",129,1,1.0
[],"[100, 94]",10,1,1.0
[],"[90, 33, 47]",22,0,1.0
[],[87],54,1,1.0
[],"[19, 107, 108, 17]",66,1,1.0
[],"[128, 72]",90,0,1.0
[],[5],64,1,1.0
[],"[25, 80, 99, 93]",54,0,1.0
[],"[62, 75, 66]",128,0,1.0
[],"[25, 33, 94]",11,1,1.0
[],"[52, 7, 11, 16]",25,0,1.0
[],[73],120,1,1.0
[],"[53, 113, 75, 104]",110,0,1.0
[],"[84, 8]",24,1,1.0
[],"[59, 89, 110, 78]",31,0,1.0
[],"[57, 51]",109,0,1.0
[],"[94, 87, 4, 13]",26,0,1.0
[],[127],101,1,1.0
[],[58],7,0,1.0
[],"[33, 80, 21, 52]",24,1,1.0
[],"[17, 58]",87,0,1.0
[],"[22, 1, 66, 19]",110,0,1.0
[],"[20, 115, 96]",106,1,1.0
[],"[33, 119]",6,1,1.0
[],"[68, 28, 115]",110,0,1.0
[],[66],77,1,1.0
[],"[14, 64, 20]",70,0,1.0
[],[86],40,1,1.0
[],"[13, 71]",65,0,1.0
[],"[26, 107]",85,1,1.0
[],[114],54,1,1.0
[],"[87, 74, 85]",16,0,1.0
[],[123],34,1,1.0
[],"[68, 44, 112]",116,1,1.0
[],"[80, 102]",31,1,1.0
[],"[21, 87, 88]",27,0,1.0
[],[98],68,1,1.0
[],"[23, 55]",18,1,1.0
[],"[78, 51]",76,1,1.0
[],"[3, 39]",101,1,1.0
[],"[108, 84, 118, 27]",104,0,1.0
[],"[124, 99, 64, 57]",100,1,1.0
[],"[119, 89, 47, 53]",49,0,1.0
[],[98],121,1,1.0
[],"[36, 40, 103]",25,0,1.0
[],"[69, 82]",17,0,1.0
[],"[43, 111, 20]",15,1,1.0
[],[40],61,1,1.0
[],"[63, 40, 51]",68,0,1.0
[],[122],80,1,1.0
[],"[50, 8]",106,1,1.0
[],"[44, 28]",60,1,1.0
[],"[75, 2, 129]",10,1,1.0
[],"[39, 45]",60,1,1.0
[],[57],53,1,1.0
[],"[43, 12, 71, 8]",52,1,1.0
[],"[9, 25]",54,1,1.0
[],"[121, 100, 46]",49,1,1.0
[],"[37, 67]",103,0,1.0
[],"[73, 128, 52, 26]",102,0,1.0
[],"[69, 122, 76]",42,0,1.0
[],[50],67,1,1.0
[],[27],64,0,1.0
[],[34],3,1,1.0
[],"[43, 19, 37]",74,0,1.0
[],"[36, 113, 95]",78,1,1.0
[],"[35, 18]",107,0,1.0
[],"[119, 65, 68, 123]",14,1,1.0
[],[24],123,1,1.0
[],"[123, 82, 130]",43,0,1.0
[],"[43, 101, 87, 104]",8,0,1.0
[],[130],28,1,1.0
[],[72],1,1,1.0
[],"[15, 118, 51, 30]",11,1,1.0
[],"[63, 94, 104]",113,0,1.0
[],"[9, 71, 21, 90]",86,1,1.0
[],"[130, 108]",40,0,1.0
[],"[109, 70]",13,1,1.0
[],"[98, 62, 23]",45,0,1.0
[],"[79, 94, 82]",129,1,1.0
[],"[93, 55, 124, 30]",78,0,1.0
[],"[19, 43, 122, 128]",64,1,1.0
[],"[87, 114, 129]",119,0,1.0
[],"[56, 105]",130,0,1.0
[],"[33, 43, 37, 64]",91,0,1.0
[],"[115, 57, 14]",37,1,1.0
[],[116],68,1,1.0
[],"[71, 76, 94, 130]",52,0,1.0
[],"[43, 58, 69]",44,0,1.0
[],[48],37,1,1.0
[],[40],115,1,1.0
[],"[60, 63]",110,0,1.0
[],"[101, 35, 61, 106]",1,1,1.0
[],[54],53,1,1.0
[],"[70, 95, 27]",10,0,1.0
[],"[97, 4, 22]",80,0,1.0
[],"[44, 33, 96]",19,0,1.0
[],[48],114,1,1.0
[],"[128, 80, 47]",62,0,1.0
[],"[7, 65, 109, 122]",103,0,1.0
[],"[127, 80, 1, 57]",27,0,1.0
[],"[95, 68, 107]",83,0,1.0
[],"[100, 40]",35,1,1.0
[],"[73, 64]",110,1,1.0
[],"[89, 48, 83, 45]",123,0,1.0
[],"[104, 71, 96]",10,1,1.0
[],"[59, 122, 109, 64]",21,0,1.0
[],"[83, 79, 101, 6]",82,0,1.0
[],"[43, 115, 34, 96]",54,1,1.0
[],"[102, 28, 94, 98]",50,1,1.0
[],[114],122,1,1.0
[],"[122, 11]",65,1,1.0
[],"[120, 2, 60, 116]",61,0,1.0
[],"[94, 107, 35, 83]",111,0,1.0
[],"[64, 68]",44,1,1.0
[],[119],84,1,1.0
[],"[123, 45, 28]",24,0,1.0
[],"[45, 1, 20, 85]",117,0,1.0
[],"[49, 38, 21, 106]",124,0,1.0
[],"[16, 65, 77]",86,1,1.0
[],"[114, 2]",86,1,1.0
[],[45],118,1,1.0
[],"[111, 121, 91]",122,1,1.0
[],[46],14,1,1.0
[],"[123, 10]",122,1,1.0
[],[20],43,1,1.0
[],"[86, 126, 75, 15]",6,1,1.0
[],"[131, 116, 130]",8,0,1.0
[],[103],113,1,1.0
[],"[82, 32]",51,1,1.0
[],"[26, 27]",33,1,1.0
[],"[92, 75, 15]",30,1,1.0
[],[55],71,1,1.0
[],"[131, 104, 125]",110,0,1.0
[],"[22, 1]",115,1,1.0
[],"[13, 11, 47, 82]",72,0,1.0
[],"[97, 44, 72]",58,0,1.0
[],"[27, 49, 22, 108]",41,0,1.0
[],"[100, 27]",26,1,1.0
[],"[103, 5]",27,1,1.0
[],"[45, 117]",36,1,1.0
[],"[102, 77, 100]",27,1,1.0
[],"[50, 46]",69,1,1.0
[],"[100, 117]",28,1,1.0
[],"[7, 93]",45,1,1.0
[],"[31, 99, 68, 12]",46,0,1.0
[],"[25, 45, 20, 81]",85,1,1.0
[],"[110, 22]",97,0,1.0
[],"[6, 35, 104]",9,0,1.0
[],[54],11,1,1.0
[],[14],126,1,1.0
[],"[63, 52, 49]",102,0,1.0
[],"[2, 31, 115, 130]",39,0,1.0
[],"[47, 92, 82, 123]",3,0,1.0
[],"[109, 112]",16,1,1.0
[],"[55, 93]",8,1,1.0
[],"[64, 38, 77]",61,0,1.0
[],[129],1,1,1.0
[],[41],27,1,1.0
[],"[56, 120, 81, 130]",7,0,1.0
[],"[48, 107, 38]",24,1,1.0
[],"[74, 18, 100, 30]",19,0,1.0
[],"[102, 86]",99,1,1.0
[],[83],123,0,1.0
[],"[108, 78, 122]",12,0,1.0
[],[66],124,1,1.0
[],"[118, 35]",34,0,1.0
[],[96],4,1,1.0
[],"[9, 70]",72,1,1.0
[],"[25, 26]",40,1,1.0
[],"[52, 101, 107, 68]",21,1,1.0
[],"[99, 19, 8]",123,1,1.0
[],[120],85,1,1.0
[],"[4, 107]",102,1,1.0
[],[118],95,1,1.0
[],"[58, 87, 46, 3]",48,1,1.0
[],"[70, 65]",6,0,1.0
[],"[34, 121, 43, 83]",51,0,1.0
[],[116],80,1,1.0
[],"[44, 29]",74,0,1.0
[],[103],93,1,1.0
[],"[63, 38, 78]",104,1,1.0
[],[16],3,1,1.0
[],"[25, 118, 22]",15,0,1.0
[],"[49, 97, 10, 72]",2,0,1.0
[],"[67, 45]",46,1,1.0
[],"[29, 106]",72,0,1.0
[],"[25, 57, 75, 58]",110,0,1.0
[],"[93, 23, 107, 79]",78,0,1.0
[],"[91, 28, 113]",117,0,1.0
[],[47],87,0,1.0
[],"[32, 92]",33,1,1.0
[],"[67, 64, 3, 81]",55,1,1.0
[],[116],72,1,1.0
[],"[83, 11, 100, 82]",56,0,1.0
[],"[24, 130, 106, 86]",124,1,1.0
[],[91],82,1,1.0
[],[82],114,1,1.0
[],"[96, 9]",115,0,1.0
[],[70],77,1,1.0
[],"[64, 40, 88]",87,0,1.0
[],"[111, 116, 82]",103,0,1.0
[],[5],77,1,1.0
[],"[72, 31, 4, 22]",6,0,1.0
[],"[44, 97, 10, 64]",35,0,1.0
[],"[14, 126, 16, 87]",131,0,1.0
[],"[78, 130]",94,1,1.0
[],"[66, 40]",103,1,1.0
[],"[82, 44]",61,1,1.0
[],"[87, 3]",109,0,1.0
[],"[125, 101, 57]",2,1,1.0
[],[108],4,1,1.0
[],[8],85,1,1.0
[],"[25, 22, 17, 54]",27,0,1.0
[],"[119, 113]",52,0,1.0
[],[91],29,1,1.0
[],"[108, 117, 40, 125]",111,0,1.0
[],[116],21,0,1.0
[],"[121, 99, 89]",102,1,1.0
[],"[14, 86, 66, 58]",34,0,1.0
[],[1],109,1,1.0
[],[37],67,1,1.0
[],[59],79,1,1.0
[],"[82, 113, 30, 122]",13,0,1.0
[],"[110, 46, 53, 11]",44,1,1.0
[],"[22, 101, 46, 30]",34,1,1.0
[],"[61, 11, 34]",15,0,1.0
[],"[1, 75, 86]",41,1,1.0
[],[98],97,0,1.0
[],"[59, 37, 102]",11,1,1.0
[],"[31, 99]",81,1,1.0
[],"[100, 89, 105]",41,0,1.0
[],"[74, 72, 104]",117,0,1.0
[],"[113, 111, 73]",110,1,1.0
[],"[7, 8]",14,1,1.0
[],"[111, 31, 90, 123]",63,0,1.0
[],"[114, 95]",19,1,1.0
[],[116],31,1,1.0
[],"[22, 12, 1]",5,1,1.0
[],"[12, 18, 98]",26,0,1.0
[],"[111, 34, 113]",59,0,1.0
[],"[2, 38, 25]",105,1,1.0
[],[59],112,1,1.0
[],"[3, 62, 72]",31,1,1.0
[],"[32, 47]",88,1,1.0
[],[34],81,1,1.0
[],"[45, 49, 22, 61]",67,0,1.0
[],"[85, 124, 112, 2]",127,0,1.0
[],"[68, 115, 92]",104,1,1.0
[],[84],73,1,1.0
[],"[48, 73, 9]",38,1,1.0
[],[103],54,1,1.0
[],"[103, 65, 64, 31]",24,0,1.0
[],[34],2,1,1.0
[],"[64, 88]",126,1,1.0
[],[94],52,1,1.0
[],"[69, 110, 101, 33]",84,0,1.0
[],"[86, 128]",110,0,1.0
[],[36],50,0,1.0
[],"[67, 58]",43,1,1.0
[],[51],33,1,1.0
[],"[68, 69, 29]",128,1,1.0
[],"[58, 11, 76]",121,1,1.0
[],"[52, 117]",17,0,1.0
[],[69],7,0,1.0
[],"[66, 68, 8]",110,0,1.0
[],[131],118,1,1.0
[],"[101, 8]",74,1,1.0
[],[14],27,1,1.0
[],"[60, 21, 29, 57]",86,0,1.0
[],"[13, 128, 9]",115,1,1.0
[],[27],14,1,1.0
[],"[27, 21, 122]",45,0,1.0
[],"[21, 78, 72]",29,0,1.0
[],"[90, 3]",63,1,1.0
[],[122],65,1,1.0
[],"[105, 38, 14]",76,0,1.0
[],"[34, 121]",36,1,1.0
[],"[90, 85]",129,1,1.0
[],"[24, 124]",98,1,1.0
[],[69],28,1,1.0
[],"[4, 96, 106]",68,0,1.0
[],[33],35,1,1.0
[],"[95, 116, 39, 16]",80,0,1.0
[],"[103, 35]",122,1,1.0
[],[7],48,1,1.0
[],"[70, 32, 9]",93,0,1.0
[],"[119, 91]",66,0,1.0
[],"[108, 84]",116,0,1.0
[],"[89, 40, 78, 11]",12,0,1.0
[],"[55, 66]",108,1,1.0
[],"[109, 87, 63]",73,1,1.0
[],"[104, 80]",47,1,1.0
[],"[123, 57]",10,1,1.0
[],[25],64,1,1.0
[],"[116, 34]",67,0,1.0
[],"[102, 21]",32,0,1.0
[],[60],100,0,1.0
[],"[22, 68, 73, 116]",76,0,1.0
[],[100],21,1,1.0
[],[17],34,1,1.0
[],"[105, 75]",51,1,1.0
[],"[86, 33, 38]",8,1,1.0
[],"[69, 83, 4]",59,0,1.0
[],[73],25,1,1.0
[],"[81, 41, 10, 7]",27,0,1.0
[],"[4, 79, 16]",68,1,1.0
[],"[80, 31, 93]",23,1,1.0
[],"[107, 72, 35, 49]",116,0,1.0
[],"[105, 37]",16,0,1.0
[],[34],96,1,1.0
[],"[124, 102, 130, 91]",79,0,1.0
[],"[33, 128]",65,1,1.0
[],"[126, 113, 48]",51,0,1.0
[],"[35, 17, 87, 29]",89,0,1.0
[],"[94, 46, 27, 68]",123,0,1.0
[],"[66, 71]",36,0,1.0
[],"[4, 15, 38, 72]",61,0,1.0
[],[50],13,1,1.0
[],[18],52,1,1.0
[],"[81, 66, 43, 8]",51,0,1.0
[],"[31, 40]",105,0,1.0
[],"[35, 68, 20]",86,0,1.0
[],"[13, 79, 3, 32]",90,0,1.0
[],[117],47,0,1.0
[],"[88, 48, 117]",32,0,1.0
[],"[54, 61]",90,1,1.0
[],[51],77,1,1.0
[],"[25, 18, 90, 110]",27,1,1.0
[],"[24, 13]",19,1,1.0
[],[94],59,1,1.0
[],"[100, 34, 7, 33]",60,0,1.0
[],"[105, 48, 94]",50,1,1.0
[],"[15, 122, 29]",64,0,1.0
[],[5],24,1,1.0
[],"[119, 28]",128,1,1.0
[],"[88, 49, 122]",6,0,1.0
[],[4],115,1,1.0
[],"[95, 112, 96]",77,0,1.0
[],"[20, 84, 85, 67]",45,0,1.0
[],"[79, 113]",34,1,1.0
[],"[62, 52, 97, 79]",111,0,1.0
[],"[111, 51]",29,0,1.0
[],[128],27,1,1.0
[],"[51, 28]",75,1,1.0
[],[127],11,1,1.0
[],"[41, 3]",89,1,1.0
[],"[88, 57]",42,1,1.0
[],"[120, 88]",24,1,1.0
[],[76],25,0,1.0
[],"[34, 36, 43, 71]",52,0,1.0
[],"[106, 131, 118]",122,0,1.0
[],"[80, 75, 58, 26]",87,0,1.0
[],"[89, 27, 126]",107,0,1.0
[],"[46, 26, 89, 11]",51,0,1.0
[],"[11, 93]",18,1,1.0
[],"[66, 81, 23, 61]",21,0,1.0
[],"[49, 70, 38, 64]",96,0,1.0
[],"[58, 39]",42,0,1.0
[],"[27, 104]",66,1,1.0
[],"[123, 95, 31]",115,1,1.0
[],"[34, 27]",110,1,1.0
[],"[112, 131, 53]",37,0,1.0
[],[86],19,1,1.0
[],[68],59,1,1.0
[],"[121, 18]",3,1,1.0
[],[64],35,1,1.0
[],"[121, 84]",48,1,1.0
[],[48],72,1,1.0
[],"[2, 20, 47, 80]",104,0,1.0
[],"[33, 67, 76, 97]",31,1,1.0
[],[112],11,1,1.0
[],"[103, 59, 88]",72,0,1.0
[],[47],39,0,1.0
[],"[111, 21]",54,1,1.0
[],"[15, 114, 1, 40]",75,0,1.0
[],"[31, 33, 12, 9]",102,0,1.0
[],[58],60,1,1.0
[],"[106, 129, 3]",42,0,1.0
[],"[23, 91]",31,1,1.0
[],"[129, 73, 96]",22,1,1.0
[],[85],110,1,1.0
[],"[118, 2, 99, 49]",107,0,1.0
[],[49],20,0,1.0
[],"[106, 14, 92]",5,1,1.0
[],"[18, 57]",114,0,1.0
[],"[31, 42, 8]",111,1,1.0
[],"[88, 116, 33, 16]",130,0,1.0
[],"[81, 77, 11]",88,0,1.0
[],"[125, 14, 119]",83,1,1.0
[],"[71, 34, 96]",37,1,1.0
[],"[65, 25]",99,1,1.0
[],"[48, 72, 86, 81]",7,1,1.0
[],"[70, 72, 46, 101]",85,1,1.0
[],"[84, 86]",76,0,1.0
[],"[68, 119]",101,0,1.0
[],"[75, 13, 114]",49,1,1.0
[],"[54, 40]",30,1,1.0
[],"[72, 26]",28,1,1.0
[],"[6, 27, 85]",51,0,1.0
[],[16],68,1,1.0
[],"[8, 77]",72,0,1.0
[],"[105, 46]",4,1,1.0
[],"[117, 6, 11, 57]",107,1,1.0
[],"[110, 55, 102, 19]",108,0,1.0
[],"[83, 69, 102, 34]",54,0,1.0
[],"[131, 33]",106,0,1.0
[],"[66, 71]",3,1,1.0
[],"[115, 37, 23]",128,1,1.0
[],"[78, 62]",83,1,1.0
[],"[60, 125, 85]",104,1,1.0
[],"[67, 70, 103, 96]",22,0,1.0
[],"[89, 11, 21]",116,0,1.0
[],"[8, 27]",32,1,1.0
[],"[71, 48, 93, 52]",15,0,1.0
[],"[19, 73, 9]",87,1,1.0
[],"[77, 73]",19,1,1.0
[],"[108, 100]",130,0,1.0
[],"[21, 10, 48, 16]",24,0,1.0
[],"[108, 99]",50,1,1.0
[],[102],72,1,1.0
[],[43],129,1,1.0
[],"[26, 111]",90,0,1.0
[],"[20, 111]",73,1,1.0
[],"[117, 34, 54]",105,1,1.0
[],[68],37,1,1.0
[],"[38, 64, 122]",24,1,1.0
[],[35],40,1,1.0
[],[98],50,1,1.0
[],"[87, 129]",2,1,1.0
[],[98],22,1,1.0
[],"[26, 37, 125, 78]",27,0,1.0
[],"[121, 26, 68]",131,0,1.0
[],"[23, 89, 84]",74,1,1.0
[],"[5, 62, 4]",110,0,1.0
[],[57],39,1,1.0
[],"[89, 72, 7, 10]",8,0,1.0
[],"[119, 13]",53,0,1.0
[],"[79, 10, 114, 51]",8,0,1.0
[],[36],41,1,1.0
[],[129],94,1,1.0
[],"[122, 45]",12,1,1.0
[],[126],37,1,1.0
[],[53],20,1,1.0
[],"[34, 122]",47,0,1.0
[],"[113, 30]",121,1,1.0
[],"[108, 67, 15]",63,1,1.0
[],[13],31,0,1.0
[],[107],117,1,1.0
[],"[75, 43, 100, 104]",7,0,1.0
[],[55],53,1,1.0
[],"[39, 34, 75]",32,0,1.0
[],"[38, 99]",95,1,1.0
[],"[30, 25]",63,1,1.0
[],"[127, 61, 102, 118]",40,1,1.0
[],"[28, 53, 48, 95]",5,1,1.0
[],"[24, 31]",35,1,1.0
[],[54],48,0,1.0
[],"[6, 72, 29, 125]",107,0,1.0
[],"[2, 120]",114,1,1.0
[],"[27, 103, 115, 119]",25,0,1.0
[],"[37, 85, 105]",114,0,1.0
[],"[129, 67, 89]",8,0,1.0
[],"[88, 40, 32, 109]",115,1,1.0
[],[6],131,1,1.0
[],[96],31,1,1.0
[],"[98, 130, 31, 51]",83,0,1.0
[],[92],67,1,1.0
[],"[51, 27]",129,1,1.0
[],[80],83,0,1.0
[],"[81, 119]",74,1,1.0
[],"[3, 9, 19]",71,1,1.0
[],[46],116,1,1.0
[],[125],10,1,1.0
[],"[62, 42, 110, 87]",40,1,1.0
[],"[26, 121, 105]",64,0,1.0
[],[57],72,1,1.0
[],"[68, 26]",120,0,1.0
[],[48],33,1,1.0
[],"[105, 29, 90, 42]",114,0,1.0
[],"[91, 55]",16,1,1.0
[],"[130, 116, 100]",43,0,1.0
[],"[95, 46]",128,1,1.0
[],"[17, 69, 120, 105]",76,0,1.0
[],"[83, 115]",98,1,1.0
[],"[8, 112]",31,1,1.0
[],[85],89,1,1.0
[],[37],47,1,1.0
[],"[3, 128, 30, 13]",19,0,1.0
[],"[119, 100, 55, 53]",88,1,1.0
[],"[1, 131, 123, 56]",103,0,1.0
[],"[37, 78]",31,1,1.0
[],"[83, 42]",51,0,1.0
[],"[63, 58, 73, 74]",100,0,1.0
[],[7],130,1,1.0
[],"[31, 82, 110]",85,1,1.0
[],"[70, 129, 120]",63,0,1.0
[],"[35, 51]",34,0,1.0
[],"[113, 57, 122, 2]",101,0,1.0
[],"[65, 111, 98, 58]",4,0,1.0
[],[63],59,1,1.0
[],[24],117,0,1.0
[],"[87, 88, 28, 50]",33,0,1.0
[],"[12, 36, 103]",80,0,1.0
[],"[73, 96, 103]",109,1,1.0
[],"[16, 21, 81]",43,1,1.0
[],"[87, 25, 40, 38]",9,1,1.0
[],[8],51,0,1.0
[],"[91, 116, 115, 106]",88,0,1.0
[],"[98, 12]",36,1,1.0
[],[62],95,1,1.0
[],[5],131,1,1.0
[],"[118, 64, 4]",39,0,1.0
[],"[56, 116, 100]",125,1,1.0
[],"[54, 107]",79,0,1.0
[],"[78, 12, 27]",115,1,1.0
[],"[87, 52]",84,0,1.0
[],"[92, 50, 47, 16]",71,1,1.0
[],"[48, 1, 71]",97,1,1.0
[],"[107, 49, 32, 6]",64,0,1.0
[],"[125, 87]",10,1,1.0
[],[5],18,1,1.0
[],"[98, 102, 96]",58,1,1.0
[],[12],70,1,1.0
[],"[101, 127]",30,1,1.0
[],"[80, 32]",127,1,1.0
[],"[15, 70, 94]",85,1,1.0
[],"[11, 99, 35, 73]",33,1,1.0
[],"[106, 48]",87,1,1.0
[],[47],50,1,1.0
[],[108],112,1,1.0
[],"[45, 78]",112,0,1.0
[],"[35, 59, 1]",103,0,1.0
[],"[75, 9, 31]",46,0,1.0
[],"[117, 51]",124,1,1.0
[],"[105, 88]",43,0,1.0
[],[66],117,1,1.0
[],"[19, 74, 21]",25,1,1.0
[],"[102, 34, 123]",29,0,1.0
[],"[48, 58]",76,1,1.0
[],[54],46,1,1.0
[],[72],28,1,1.0
[],"[112, 110, 4, 24]",78,0,1.0
[],"[101, 7]",41,1,1.0
[],[98],59,0,1.0
[],[120],16,0,1.0
[],"[5, 67, 128]",96,0,1.0
[],"[69, 21, 28, 50]",9,0,1.0
[],"[103, 105, 35, 42]",24,0,1.0
[],"[25, 84]",32,1,1.0
[],[111],118,1,1.0
[],[8],121,1,1.0
[],"[85, 119]",98,1,1.0
[],[92],56,1,1.0
[],"[130, 83]",101,1,1.0
[],"[56, 112, 90]",117,0,1.0
[],"[17, 38]",113,1,1.0
[],[121],124,1,1.0
[],[29],19,1,1.0
[],"[21, 76, 65]",63,1,1.0
[],"[70, 41, 127]",103,0,1.0
[],"[123, 61]",34,1,1.0
[],"[95, 48]",125,1,1.0
[],"[19, 119, 14, 101]",98,0,1.0
[],"[104, 130, 110, 124]",97,0,1.0
[],"[53, 106, 12, 92]",76,1,1.0
[],[62],98,1,1.0
[],"[120, 38, 30, 83]",4,0,1.0
[],"[64, 124, 94, 12]",118,0,1.0
[],[24],126,0,1.0
[],"[85, 100]",6,1,1.0
[],"[100, 94]",45,1,1.0
[],"[80, 89, 112, 92]",66,1,1.0
[],"[101, 95]",130,1,1.0
[],"[52, 14, 17, 24]",107,1,1.0
[],[89],46,1,1.0
[],"[20, 85]",50,1,1.0
[],"[76, 22, 23, 45]",106,0,1.0
[],"[9, 118, 88, 5]",55,0,1.0
[],[81],114,1,1.0
[],"[44, 56, 3, 11]",10,0,1.0
[],"[51, 61, 57, 72]",2,0,1.0
[],[11],31,1,1.0
[],"[15, 18, 45, 70]",59,0,1.0
[],[20],48,0,1.0
[],[19],21,1,1.0
[],"[86, 104]",107,1,1.0
[],"[78, 15, 54]",57,0,1.0
[],"[33, 69, 56, 97]",73,1,1.0
[],"[7, 33]",29,1,1.0
[],[101],77,1,1.0
[],"[33, 20, 19, 116]",131,1,1.0
[],"[89, 48, 5]",61,0,1.0
[],"[73, 4, 104, 32]",84,1,1.0
[],"[87, 60, 102]",19,0,1.0
[],[83],122,1,1.0
[],"[101, 60, 73]",9,1,1.0
[],"[119, 5]",86,0,1.0
[],"[120, 60]",112,1,1.0
[],"[68, 47, 74, 22]",7,0,1.0
[],"[18, 33, 112]",69,1,1.0
[],"[3, 43]",25,1,1.0
[],"[72, 17, 36, 125]",82,0,1.0
[],"[95, 2, 80]",8,0,1.0
[],[110],95,1,1.0
[],[107],128,1,1.0
[],"[59, 24]",32,1,1.0
[],"[83, 29, 98, 35]",55,0,1.0
[],"[46, 13, 2]",39,0,1.0
[],"[37, 36, 111, 31]",15,0,1.0
[],"[71, 14, 6, 113]",69,0,1.0
[],"[102, 10, 112]",21,1,1.0
[],[65],5,1,1.0
[],"[93, 116]",4,1,1.0
[],[100],32,1,1.0
[],[105],70,1,1.0
[],"[72, 31, 111]",120,0,1.0
[],"[15, 33, 115]",36,0,1.0
[],[25],44,1,1.0
[],"[79, 57, 59, 97]",125,0,1.0
[],"[46, 120]",71,1,1.0
[],"[8, 131, 106]",45,0,1.0
[],"[86, 87, 28]",59,1,1.0
[],[102],78,0,1.0
[],"[83, 68]",50,0,1.0
[],"[68, 58, 108]",33,0,1.0
[],"[56, 28]",57,1,1.0
[],"[71, 6]",119,1,1.0
[],[86],82,1,1.0
[],"[68, 98, 80]",131,0,1.0
[],"[78, 127]",79,1,1.0
[],"[127, 47]",4,0,1.0
[],"[126, 87, 66]",16,1,1.0
[],[30],42,0,1.0
[],"[13, 50, 109]",52,0,1.0
[],"[52, 107, 70]",46,0,1.0
[],"[106, 17, 95, 3]",11,0,1.0
[],[86],31,1,1.0
[],[20],93,0,1.0
[],[105],100,0,1.0
[],"[59, 106, 7]",5,1,1.0
[],"[12, 40]",55,1,1.0
[],"[3, 59]",29,0,1.0
[],"[2, 60]",79,0,1.0
[],"[86, 20]",12,1,1.0
[],"[29, 52, 82]",43,1,1.0
[],"[67, 80, 45, 22]",118,0,1.0
[],[105],124,1,1.0
[],"[73, 82, 1, 120]",43,0,1.0
[],"[120, 110, 47]",128,1,1.0
[],[57],71,1,1.0
[],"[121, 3, 105, 53]",5,0,1.0
[],"[17, 24]",75,1,1.0
[],"[104, 93, 119, 127]",41,0,1.0
[],"[109, 47, 129]",12,1,1.0
[],"[102, 17]",34,0,1.0
[],"[69, 70]",6,0,1.0
[],"[16, 63, 98]",32,1,1.0
[],"[10, 70, 11]",86,1,1.0
[],"[75, 89, 51, 16]",54,0,1.0
[],"[51, 80, 39, 45]",48,0,1.0
[],[80],3,1,1.0
[],"[77, 118, 60]",62,1,1.0
[],"[47, 60]",64,1,1.0
[],"[30, 3]",101,1,1.0
[],"[48, 1, 27]",79,0,1.0
[],[92],29,1,1.0
[],"[118, 114, 61, 25]",91,0,1.0
[],"[74, 11]",113,0,1.0
[],"[25, 40]",14,1,1.0
[],"[102, 7, 91]",90,1,1.0
[],"[66, 98, 123, 102]",21,1,1.0
[],[25],116,1,1.0
[],"[44, 119]",55,0,1.0
[],[59],53,1,1.0
[],[78],71,1,1.0
[],"[94, 119, 28]",82,1,1.0
[],"[76, 100]",107,0,1.0
[],"[68, 54, 25, 57]",124,0,1.0
[],"[96, 110, 77]",117,1,1.0
[],"[39, 6]",64,1,1.0
[],"[71, 1, 93, 117]",3,0,1.0
[],[35],20,0,1.0
[],"[48, 8, 87, 15]",76,0,1.0
[],"[76, 69, 108, 89]",41,0,1.0
[],"[117, 65, 83]",103,0,1.0
[],"[74, 28, 17]",11,0,1.0
[],"[43, 91]",71,0,1.0
[],"[123, 17, 119]",42,0,1.0
[],"[19, 89, 87, 13]",84,0,1.0
[],"[51, 13, 72, 56]",6,0,1.0
[],"[10, 52]",20,0,1.0
[],"[75, 100]",76,0,1.0
[],"[27, 2]",17,0,1.0
[],"[63, 5]",22,1,1.0
[],"[17, 108]",104,1,1.0
[],"[126, 111, 86]",14,1,1.0
[],[69],54,1,1.0
[],"[35, 41, 20, 62]",110,1,1.0
[],"[42, 27, 110, 15]",7,0,1.0
[],"[119, 106]",130,1,1.0
[],"[29, 38, 116, 55]",39,0,1.0
[],[35],83,1,1.0
[],"[24, 87, 44]",36,1,1.0
[],"[108, 14, 85, 86]",18,1,1.0
[],"[72, 17, 59]",54,0,1.0
[],"[64, 67, 100, 11]",69,0,1.0
[],"[8, 85]",69,0,1.0
[],[67],121,1,1.0
[],"[90, 56]",13,1,1.0
[],[111],100,1,1.0
[],[1],44,1,1.0
[],"[11, 7, 8, 31]",91,1,1.0
[],[96],75,0,1.0
[],"[69, 58]",104,1,1.0
[],"[46, 128, 84, 19]",120,1,1.0
[],"[24, 121]",59,1,1.0
[],"[102, 111, 94, 52]",108,0,1.0
[],"[103, 33, 59, 109]",14,1,1.0
[],"[96, 50, 40, 79]",108,1,1.0
[],"[114, 6]",111,1,1.0
[],[84],10,1,1.0
[],[20],83,1,1.0
[],"[51, 65, 52, 117]",121,0,1.0
[],"[102, 93, 77]",103,0,1.0
[],[9],4,1,1.0
[],"[46, 89]",43,0,1.0
[],"[119, 37]",70,1,1.0
[],"[9, 71, 15, 123]",54,0,1.0
[],"[110, 2, 94, 63]",76,0,1.0
[],"[46, 119]",129,0,1.0
[],[129],119,0,1.0
[],"[54, 11]",46,1,1.0
[],"[34, 94]",41,1,1.0
[],"[60, 93, 64]",8,0,1.0
[],"[88, 94, 17]",114,0,1.0
[],"[52, 42]",56,0,1.0
[],"[27, 94, 11]",82,0,1.0
[],[74],2,1,1.0
[],"[83, 22, 12]",101,1,1.0
[],"[123, 91, 6]",95,0,1.0
[],[56],69,0,1.0
[],"[120, 1, 118, 20]",54,0,1.0
[],"[21, 127, 115, 103]",78,0,1.0
[],[111],108,1,1.0
[],[130],114,0,1.0
[],"[100, 76, 49]",129,0,1.0
[],[92],91,1,1.0
[],"[74, 59, 75]",53,1,1.0
[],"[83, 27]",24,1,1.0
[],"[36, 109]",123,1,1.0
[],"[7, 19]",87,0,1.0
[],"[7, 26, 11, 20]",101,1,1.0
[],"[44, 42]",103,1,1.0
[],"[129, 112]",113,1,1.0
[],"[14, 51, 118, 127]",9,0,1.0
[],[85],122,1,1.0
[],[51],22,1,1.0
[],"[52, 10, 77, 74]",4,1,1.0
[],[116],98,1,1.0
[],"[47, 25, 116]",99,0,1.0
[],"[131, 10, 41, 120]",57,0,1.0
[],[29],107,1,1.0
[],[70],54,1,1.0
[],"[52, 64]",105,1,1.0
[],"[65, 108, 81, 33]",104,1,1.0
[],"[21, 127, 45]",76,1,1.0
[],"[107, 115, 65]",55,1,1.0
[],"[23, 126, 18, 71]",46,0,1.0
[],"[18, 114, 16, 34]",129,1,1.0
[],[62],119,1,1.0
[],"[92, 5]",27,1,1.0
[],"[68, 108]",44,1,1.0
[],"[54, 68, 104, 82]",130,0,1.0
[],"[54, 8]",103,1,1.0
[],[34],82,1,1.0
[],"[14, 53, 15]",97,1,1.0
[],"[8, 14]",33,1,1.0
[],"[103, 131, 87, 70]",49,0,1.0
[],"[105, 30, 32, 53]",90,0,1.0
[],"[114, 88, 4]",33,1,1.0
[],"[37, 85, 103, 98]",34,0,1.0
[],"[33, 104, 127, 125]",28,1,1.0
[],"[74, 9, 69, 10]",97,0,1.0
[],"[28, 113, 29, 16]",100,0,1.0
[],"[127, 43]",130,0,1.0
[],"[27, 120]",15,1,1.0
[],"[46, 40, 30, 126]",21,0,1.0
[],[127],67,1,1.0
[],[105],126,1,1.0
[],"[74, 89]",111,1,1.0
[],"[37, 43, 10, 80]",49,0,1.0
[],[38],76,0,1.0
[],"[69, 91]",125,0,1.0
[],"[14, 126]",89,1,1.0
[],"[98, 73, 123]",20,1,1.0
[],[14],56,1,1.0
[],[93],30,1,1.0
[],"[59, 29, 21, 124]",4,0,1.0
[],"[102, 13, 55]",17,1,1.0
[],"[99, 42, 106]",56,1,1.0
[],"[18, 88, 17, 87]",23,0,1.0
[],"[106, 62]",42,1,1.0
[],"[66, 47]",105,1,1.0
[],"[69, 1, 124, 90]",97,0,1.0
[],"[96, 37]",55,1,1.0
[],[130],84,1,1.0
[],[22],13,1,1.0
[],"[84, 123]",8,0,1.0
[],[56],16,1,1.0
[],[60],17,1,1.0
[],"[8, 123]",127,0,1.0
[],[25],96,0,1.0
[],"[126, 46, 57, 45]",91,0,1.0
[],"[126, 48, 102]",3,0,1.0
[],"[47, 74, 9]",91,1,1.0
[],"[36, 103]",88,0,1.0
[],[7],90,1,1.0
[],"[61, 126, 105]",83,1,1.0
[],"[91, 17, 9, 25]",122,0,1.0
[],[85],61,1,1.0
[],"[60, 66, 91]",19,1,1.0
[],"[47, 73]",96,1,1.0
[],"[80, 52]",128,1,1.0
[],[25],29,1,1.0
[],"[29, 52, 87]",68,0,1.0
[],"[104, 103, 81]",42,1,1.0
[],"[124, 101, 120, 83]",8,1,1.0
[],[107],3,1,1.0
[],"[56, 95, 94]",93,0,1.0
[],"[40, 115, 51, 91]",74,1,1.0
[],[81],66,1,1.0
[],"[10, 128, 48, 87]",43,1,1.0
[],[106],122,1,1.0
[],"[126, 55, 47]",3,0,1.0
[],"[37, 127]",21,1,1.0
[],"[18, 61, 119, 100]",42,1,1.0
[],"[111, 19, 35, 97]",24,0,1.0
[],"[73, 64, 93]",1,0,1.0
[],"[40, 84, 72]",6,0,1.0
[],"[18, 121, 74]",123,0,1.0
[],"[12, 87, 58]",19,1,1.0
[],"[9, 125, 43, 121]",78,0,1.0
[],[87],39,0,1.0
[],[3],124,1,1.0
[],"[79, 72, 78]",62,0,1.0
[],"[26, 49]",35,0,1.0
[],[33],79,1,1.0
[],"[113, 67, 102, 42]",77,1,1.0
[],"[106, 20, 117, 127]",10,0,1.0
[],[26],29,0,1.0
[],"[55, 41, 56, 44]",42,0,1.0
[],"[89, 130]",102,1,1.0
[],"[28, 83, 17]",107,0,1.0
[],[27],98,1,1.0
[],"[116, 61]",42,0,1.0
[],"[9, 93, 68]",37,1,1.0
[],"[123, 28, 3, 41]",73,0,1.0
[],"[62, 119, 130, 117]",124,0,1.0
[],[23],81,1,1.0
[],[101],121,1,1.0
[],"[131, 11, 111]",3,1,1.0
[],"[60, 51, 40, 77]",25,0,1.0
[],"[24, 54]",14,0,1.0
[],"[1, 72, 101]",52,0,1.0
[],[86],34,1,1.0
[],"[56, 61]",116,0,1.0
[],"[49, 23, 126]",75,0,1.0
[],"[23, 27, 123]",129,0,1.0
[],"[80, 28]",48,1,1.0
[],"[104, 40, 7, 125]",58,0,1.0
[],"[50, 126]",99,0,1.0
[],"[112, 103, 99, 74]",61,1,1.0
[],"[115, 109]",122,0,1.0
[],"[19, 41]",60,1,1.0
[],"[18, 117]",131,1,1.0
[],[64],110,1,1.0
[],"[54, 62]",32,0,1.0
[],[42],54,1,1.0
[],"[108, 86]",53,1,1.0
[],"[85, 111, 77]",126,0,1.0
[],[71],3,1,1.0
[],"[44, 6]",5,1,1.0
[],"[79, 34]",84,1,1.0
[],[126],103,1,1.0
[],"[124, 101]",83,1,1.0
[],[28],47,0,1.0
[],"[26, 4]",71,1,1.0
[],"[108, 122]",103,1,1.0
[],"[47, 19, 54, 66]",61,0,1.0
[],[73],56,1,1.0
[],"[109, 41, 106, 76]",12,0,1.0
[],[25],2,1,1.0
[],"[11, 6, 17, 69]",72,0,1.0
[],"[46, 4]",15,0,1.0
[],"[114, 85, 12, 56]",3,0,1.0
[],"[112, 100, 116, 21]",92,0,1.0
[],"[48, 99, 126]",10,0,1.0
[],"[43, 20]",129,1,1.0
[],"[102, 111, 39, 21]",118,0,1.0
[],[106],24,1,1.0
[],"[29, 119]",76,0,1.0
[],"[6, 105, 59, 31]",75,0,1.0
[],"[20, 73, 5]",46,0,1.0
[],"[95, 125, 3, 122]",21,0,1.0
[],"[37, 23]",7,1,1.0
[],"[26, 116]",46,1,1.0
[],[48],67,1,1.0
[],"[13, 126]",19,1,1.0
[],"[87, 53, 105, 70]",124,0,1.0
[],[54],13,1,1.0
[],"[67, 39]",74,1,1.0
[],"[109, 70, 7, 12]",49,0,1.0
[],"[79, 90]",59,0,1.0
[],"[35, 58]",50,1,1.0
[],"[79, 100, 15, 2]",36,0,1.0
[],"[73, 84]",80,1,1.0
[],"[71, 40, 47, 30]",68,1,1.0
[],[55],128,0,1.0
[],[24],93,1,1.0
[],[17],57,1,1.0
[],[8],99,0,1.0
[],"[56, 110, 38]",50,0,1.0
[],"[54, 30]",3,0,1.0
[],"[131, 44]",30,1,1.0
[],[58],7,0,1.0
[],"[41, 107, 83]",27,0,1.0
[],[59],25,1,1.0
[],"[103, 127]",44,1,1.0
[],"[52, 81, 106, 88]",91,0,1.0
[],[65],23,1,1.0
[],"[8, 53, 17]",107,0,1.0
[],[89],94,1,1.0
[],"[30, 28, 64, 56]",22,0,1.0
[],"[15, 61]",36,0,1.0
[],"[113, 106]",8,0,1.0
[],"[53, 95, 27]",28,0,1.0
[],"[99, 1, 52]",125,0,1.0
[],"[12, 50, 43]",109,1,1.0
[],[68],101,0,1.0
[],"[83, 127, 67]",13,0,1.0
[],"[39, 79, 119, 73]",128,1,1.0
[],[118],19,1,1.0
[],"[113, 101, 108]",13,1,1.0
[],"[84, 70]",46,1,1.0
[],"[86, 116, 77, 53]",62,1,1.0
[],"[120, 89]",19,1,1.0
[],"[31, 9]",63,1,1.0
[],[36],80,1,1.0
[],"[74, 34]",83,0,1.0
[],[39],51,0,1.0
[],"[116, 13, 95]",88,0,1.0
[],"[94, 35]",11,1,1.0
[],"[32, 100]",23,1,1.0
[],"[91, 1]",83,1,1.0
[],[55],76,1,1.0
[],"[105, 2, 100]",62,1,1.0
[],"[15, 27]",45,0,1.0
[],"[108, 36, 106, 7]",34,1,1.0
[],"[73, 102, 14]",130,0,1.0
[],[111],112,1,1.0
[],"[18, 63, 106, 14]",100,0,1.0
[],"[92, 69]",99,0,1.0
[],"[69, 114, 36, 19]",61,0,1.0
[],"[131, 11, 24]",80,0,1.0
[],"[56, 43, 44]",74,0,1.0
[],"[100, 88, 56, 124]",102,0,1.0
[],"[32, 52, 106, 83]",103,0,1.0
[],"[42, 72, 38]",106,0,1.0
[],"[6, 109, 29, 8]",55,0,1.0
[],"[107, 43, 84, 53]",103,0,1.0
[],"[57, 20, 42]",91,0,1.0
[],[48],55,0,1.0
[],"[85, 72, 126, 83]",35,0,1.0
[],"[90, 40, 57, 81]",125,0,1.0
[],"[38, 9, 20, 44]",78,0,1.0
[],"[9, 16, 37, 111]",38,0,1.0
[],"[24, 59, 1]",8,0,1.0
[],[82],64,0,1.0
[],"[104, 90, 79, 29]",41,0,1.0
[],[52],115,0,1.0
[],"[80, 46, 123, 10]",87,0,1.0
[],[116],87,0,1.0
[],"[42, 23, 87, 107]",101,0,1.0
[],"[119, 19, 69]",10,0,1.0
[],"[82, 46, 7]",68,0,1.0
[],"[26, 29, 58, 17]",67,0,1.0
[],"[107, 79, 17, 45]",4,0,1.0
[],"[59, 62, 57, 122]",33,0,1.0
[],"[54, 35, 114]",88,0,1.0
[],"[14, 108, 59]",104,0,1.0
[],[102],32,0,1.0
[],"[19, 120, 129, 103]",36,0,1.0
[],"[65, 2, 11]",117,0,1.0
[],"[118, 34, 80, 26]",59,0,1.0
[],"[92, 82, 93, 65]",16,0,1.0
[],"[76, 128, 81]",46,0,1.0
[],"[3, 119, 65, 88]",118,0,1.0
[],"[90, 31, 43, 45]",10,0,1.0
[],"[51, 53, 107]",99,0,1.0
[],[51],116,0,1.0
[],"[100, 54, 36, 79]",75,0,1.0
[],"[18, 82, 36, 79]",113,0,1.0
[],"[104, 8, 84]",18,0,1.0
[],"[65, 100, 109, 124]",108,0,1.0
[],"[130, 107, 22, 43]",19,0,1.0
[],"[118, 89]",47,0,1.0
[],"[112, 7, 90]",124,0,1.0
[],"[68, 83, 70]",61,0,1.0
[],"[2, 31, 76]",94,0,1.0
[],"[81, 82, 110, 107]",33,0,1.0
[],[101],15,0,1.0
[],[71],1,0,1.0
[],[120],131,0,1.0
[],"[42, 90, 30, 13]",44,0,1.0
[],"[115, 3, 55, 32]",81,0,1.0
[],"[106, 35, 66, 99]",84,0,1.0
[],"[32, 28]",87,0,1.0
[],"[21, 93, 58]",12,0,1.0
[],"[131, 48]",19,0,1.0
[],"[13, 35, 117, 106]",74,0,1.0
[],"[128, 88, 24]",64,0,1.0
[],"[85, 80]",59,0,1.0
[],"[126, 59, 61]",125,0,1.0
[],"[69, 19, 46, 131]",85,0,1.0
[],"[99, 54, 9]",6,0,1.0
[],"[2, 83, 73, 64]",44,0,1.0
[],"[72, 88, 121, 78]",26,0,1.0
[],"[91, 55, 36]",46,0,1.0
[],"[28, 2, 24]",77,0,1.0
[],[103],90,0,1.0
[],"[97, 96]",15,0,1.0
[],"[59, 44]",55,0,1.0
[],"[20, 115, 126, 92]",36,0,1.0
[],"[19, 44, 68, 103]",6,0,1.0
[],"[71, 11, 88, 35]",114,0,1.0
[],[128],92,0,1.0
[],"[54, 43, 47, 41]",76,0,1.0
[],"[103, 6, 27, 119]",98,0,1.0
[],"[120, 108, 41, 45]",20,0,1.0
[],"[106, 5, 42, 62]",41,0,1.0
[],"[3, 61, 79, 85]",60,0,1.0
[],"[74, 53, 10, 91]",128,0,1.0
[],"[22, 56, 109, 113]",51,0,1.0
[],"[8, 69, 35, 27]",103,0,1.0
[],"[18, 60, 43, 88]",74,0,1.0
[],"[19, 46, 131, 34]",76,0,1.0
[],"[66, 111, 84]",47,0,1.0
[],"[129, 92, 75, 85]",88,0,1.0
[],"[28, 85]",83,0,1.0
[],"[119, 69, 97, 40]",47,0,1.0
[],"[30, 106, 123, 120]",88,0,1.0
[],"[73, 30]",1,0,1.0
[],"[13, 2, 12]",18,0,1.0
[],"[48, 26, 103, 35]",37,0,1.0
[],"[74, 100, 33, 62]",36,0,1.0
[],"[83, 49, 25, 99]",96,0,1.0
[],"[90, 32, 12]",65,0,1.0
[],"[69, 127, 76, 106]",120,0,1.0
[],"[91, 22, 53]",105,0,1.0
[],"[26, 61, 29]",37,0,1.0
[],"[1, 58]",60,0,1.0
[],"[108, 7, 18]",21,0,1.0
[],"[59, 84, 41, 50]",112,0,1.0
[],"[78, 49, 123]",32,0,1.0
[],[87],8,0,1.0
[],"[126, 95, 54]",98,0,1.0
[],"[28, 51, 115, 26]",42,0,1.0
[],[62],19,0,1.0
[],"[90, 114]",107,0,1.0
[],"[3, 40]",79,0,1.0
[],"[121, 5, 104, 76]",89,0,1.0
[],"[57, 67, 96, 74]",83,0,1.0
[],"[58, 106]",21,0,1.0
[],"[125, 47]",119,0,1.0
[],"[15, 8, 22, 18]",104,0,1.0
[],"[124, 71, 1, 88]",130,0,1.0
[],"[90, 84]",72,0,1.0
[],"[74, 131, 77, 113]",100,0,1.0
[],"[67, 2, 3]",18,0,1.0
[],"[45, 1, 72, 7]",106,0,1.0
[],"[39, 44, 12, 10]",104,0,1.0
[],"[32, 109]",124,0,1.0
[],"[60, 112, 3, 109]",58,0,1.0
[],"[64, 25, 114, 56]",7,0,1.0
[],"[24, 16, 115]",11,0,1.0
[],"[72, 12]",130,0,1.0
[],"[99, 37, 73]",127,0,1.0
[],"[78, 103]",120,0,1.0
[],"[82, 23, 4]",45,0,1.0
[],"[28, 24, 52]",23,0,1.0
[],"[1, 108, 99]",26,0,1.0
[],[68],25,0,1.0
[],"[115, 47, 129]",68,0,1.0
[],"[104, 108, 45, 20]",105,0,1.0
[],"[36, 37, 117]",113,0,1.0
[],"[103, 46, 112]",111,0,1.0
[],"[127, 101, 78]",19,0,1.0
[],"[11, 8, 118]",30,0,1.0
[],"[103, 1, 81, 21]",49,0,1.0
[],"[91, 38, 108]",115,0,1.0
[],"[116, 110, 106]",27,0,1.0
[],"[64, 55, 98, 67]",41,0,1.0
[],[44],112,0,1.0
[],"[77, 125, 41, 12]",38,0,1.0
[],"[85, 44, 112, 31]",131,0,1.0
[],"[44, 45]",70,0,1.0
[],"[111, 4, 130, 23]",105,0,1.0
[],"[29, 93, 112]",102,0,1.0
[],"[121, 62, 99]",43,0,1.0
[],"[19, 8]",21,0,1.0
[],[27],29,0,1.0
[],"[46, 97, 19]",44,0,1.0
[],"[91, 72, 24, 62]",14,0,1.0
[],"[124, 5, 44, 27]",93,0,1.0
[],"[14, 105, 125, 54]",38,0,1.0
[],[87],30,0,1.0
[],"[128, 92, 17]",124,0,1.0
[],"[54, 6, 38, 118]",117,0,1.0
[],"[16, 9, 24, 128]",7,0,1.0
[],"[60, 82, 10, 1]",106,0,1.0
[],[44],128,0,1.0
[],"[23, 64, 107, 84]",120,0,1.0
[],"[92, 98, 88, 79]",87,0,1.0
[],[18],100,0,1.0
[],[89],65,0,1.0
[],"[48, 55, 73]",38,0,1.0
[],"[84, 44, 79, 36]",57,0,1.0
[],"[61, 83, 109, 5]",115,0,1.0
[],"[127, 78, 9, 77]",114,0,1.0
[],"[95, 51, 40]",106,0,1.0
[],"[83, 107, 105, 90]",126,0,1.0
[],"[128, 111]",77,0,1.0
[],"[118, 120, 81, 130]",8,0,1.0
[],"[100, 11, 87, 94]",16,0,1.0
[],"[72, 105, 112, 55]",14,0,1.0
[],"[89, 122, 23]",125,0,1.0
[],"[93, 8]",112,0,1.0
[],"[104, 129, 119]",23,0,1.0
[],"[59, 14, 76, 74]",104,0,1.0
[],[40],89,0,1.0
[],"[91, 48, 121, 21]",38,0,1.0
[],"[56, 15, 23, 98]",64,0,1.0
[],"[8, 21, 106, 18]",55,0,1.0
[],"[13, 63, 7, 52]",39,0,1.0
[],"[129, 4]",52,0,1.0
[],"[23, 60, 99, 98]",25,0,1.0
[],"[7, 25, 67, 22]",72,0,1.0
[],"[79, 21]",109,0,1.0
[],"[102, 46, 26, 53]",86,0,1.0
[],"[9, 96, 24, 59]",66,0,1.0
[],"[113, 6, 128]",93,0,1.0
[],"[92, 82, 64]",90,0,1.0
[],"[92, 91]",23,0,1.0
[],"[30, 87, 98, 5]",42,0,1.0
[],"[63, 70]",52,0,1.0
[],"[63, 114, 84, 49]",50,0,1.0
[],"[108, 120, 95]",54,0,1.0
[],"[105, 96, 120, 26]",83,0,1.0
[],"[97, 60, 123, 75]",83,0,1.0
[],[91],86,0,1.0
[],"[91, 120, 104]",15,0,1.0
[],"[47, 25, 39, 76]",84,0,1.0
[],"[84, 21, 40, 96]",114,0,1.0
[],[120],88,0,1.0
[],"[112, 125]",110,0,1.0
[],"[98, 125, 18, 56]",90,0,1.0
[],"[110, 49, 108, 114]",129,0,1.0
[],"[51, 15, 73, 52]",55,0,1.0
[],"[34, 117, 130]",70,0,1.0
[],"[9, 39, 116]",54,0,1.0
[],"[124, 111, 116, 90]",34,0,1.0
[],"[89, 112, 99]",114,0,1.0
[],"[65, 114, 100]",54,0,1.0
[],"[57, 103, 74]",97,0,1.0
[],"[15, 125, 32, 70]",11,0,1.0
[],"[103, 123, 50, 49]",26,0,1.0
[],"[71, 15, 32]",102,0,1.0
[],"[76, 5]",91,0,1.0
[],[43],31,0,1.0
[],"[51, 93]",49,0,1.0
[],"[34, 69, 101, 123]",75,0,1.0
[],"[49, 99, 67, 88]",19,0,1.0
[],"[116, 95, 85, 129]",5,0,1.0
[],[24],108,0,1.0
[],[67],39,0,1.0
[],"[21, 79]",40,0,1.0
[],"[22, 92]",120,0,1.0
[],[87],8,0,1.0
[],"[82, 109]",7,0,1.0
[],"[97, 66, 99]",28,0,1.0
[],"[7, 103, 77, 99]",44,0,1.0
[],"[61, 62, 55]",78,0,1.0
[],[4],37,0,1.0
[],"[64, 2, 122]",39,0,1.0
[],"[12, 118]",17,0,1.0
[],"[51, 95, 89, 8]",107,0,1.0
[],"[65, 25, 16]",107,0,1.0
[],"[97, 61, 28, 79]",1,0,1.0
[],"[46, 28, 55, 90]",109,0,1.0
[],"[84, 82, 34, 72]",45,0,1.0
[],"[28, 31, 42]",7,0,1.0
[],"[28, 119]",52,0,1.0
[],"[117, 91]",57,0,1.0
[],"[11, 46, 65, 6]",25,0,1.0
[],"[128, 122, 60, 38]",114,0,1.0
[],"[118, 43, 53, 93]",130,0,1.0
[],"[128, 110]",62,0,1.0
[],"[92, 122, 95]",26,0,1.0
[],"[72, 3, 20]",24,0,1.0
[],"[113, 53]",126,0,1.0
[],[91],5,0,1.0
[],"[41, 37, 82]",127,0,1.0
[],"[121, 81, 43, 56]",103,0,1.0
[],"[98, 106, 113, 92]",49,0,1.0
[],"[96, 13]",66,0,1.0
[],"[76, 32, 109, 1]",19,0,1.0
[],[68],46,0,1.0
[],"[24, 23, 116, 115]",117,0,1.0
[],"[93, 5, 79]",36,0,1.0
[],"[58, 96, 30, 52]",119,0,1.0
[],"[50, 63, 39, 77]",25,0,1.0
[],"[28, 57]",115,0,1.0
[],"[7, 16, 59, 2]",64,0,1.0
[],"[98, 63, 93]",64,0,1.0
[],"[9, 29, 80, 22]",19,0,1.0
[],"[70, 75]",68,0,1.0
[],"[35, 115, 41, 67]",92,0,1.0
[],"[29, 74, 100, 20]",7,0,1.0
[],"[22, 116]",45,0,1.0
[],"[20, 80, 54]",103,0,1.0
[],"[97, 51, 15, 83]",125,0,1.0
[],[97],106,0,1.0
[],"[76, 44, 45, 81]",57,0,1.0
[],"[120, 25, 10]",97,0,1.0
[],"[11, 89, 9]",12,0,1.0
[],"[56, 77, 76]",96,0,1.0
[],[16],45,0,1.0
[],"[66, 96, 4]",112,0,1.0
[],"[32, 60, 31]",62,0,1.0
[],"[14, 33, 47, 123]",57,0,1.0
[],"[131, 53]",95,0,1.0
[],"[9, 61, 106]",6,0,1.0
[],[3],39,0,1.0
[],"[3, 9]",49,0,1.0
[],"[69, 50]",110,0,1.0
[],[66],57,0,1.0
[],"[34, 74]",16,0,1.0
[],"[87, 122, 6]",28,0,1.0
[],"[107, 72, 41]",131,0,1.0
[],"[112, 56, 32, 65]",79,0,1.0
[],"[7, 98]",108,0,1.0
[],"[130, 8]",105,0,1.0
[],"[105, 46]",40,0,1.0
[],"[56, 3, 2]",7,0,1.0
[],"[54, 43, 87, 44]",58,0,1.0
[],"[3, 118, 87]",80,0,1.0
[],[89],18,0,1.0
[],"[74, 69, 37, 106]",51,0,1.0
[],"[79, 58, 119, 31]",98,0,1.0
[],"[74, 118, 110, 99]",95,0,1.0
[],"[19, 117]",122,0,1.0
[],[24],109,0,1.0
[],[82],95,0,1.0
[],"[114, 64, 127, 96]",126,0,1.0
[],"[130, 25, 84]",117,0,1.0
[],"[75, 84]",86,0,1.0
[],"[17, 74, 53, 101]",23,0,1.0
[],"[10, 80, 88, 49]",63,0,1.0
[],"[131, 72, 34, 94]",114,0,1.0
[],[120],72,0,1.0
[],"[100, 106, 108, 85]",18,0,1.0
[],"[29, 103]",97,0,1.0
[],"[3, 94, 115]",36,0,1.0
[],"[98, 78, 42]",81,0,1.0
[],"[29, 104, 119, 46]",23,0,1.0
[],"[83, 44, 122, 3]",68,0,1.0
[],"[67, 37, 5, 90]",127,0,1.0
[],"[22, 110, 56, 89]",84,0,1.0
[],"[131, 21, 36]",120,0,1.0
[],"[62, 15, 45, 121]",112,0,1.0
[],"[129, 81, 116]",46,0,1.0
[],"[1, 19, 114]",70,0,1.0
[],"[116, 58]",7,0,1.0
[],"[25, 124, 63]",55,0,1.0
[],"[20, 51, 37, 23]",29,0,1.0
[],"[13, 66, 38, 64]",95,0,1.0
[],"[72, 129]",46,0,1.0
[],"[85, 41, 58, 91]",122,0,1.0
[],[125],15,0,1.0
[],"[31, 13, 86, 16]",21,0,1.0
[],"[65, 120, 82, 75]",72,0,1.0
[],"[1, 92, 78]",19,0,1.0
[],"[4, 15, 116]",51,0,1.0
[],"[107, 10, 115, 122]",113,0,1.0
[],"[67, 6, 58]",130,0,1.0
[],"[52, 70, 49, 5]",86,0,1.0
[],"[21, 111]",29,0,1.0
[],"[102, 29, 118, 37]",6,0,1.0
[],"[18, 100, 31]",106,0,1.0
[],"[7, 3, 68, 94]",96,0,1.0
[],"[90, 89, 72, 59]",55,0,1.0
[],"[68, 109, 78, 10]",77,0,1.0
[],"[31, 47, 101, 99]",82,0,1.0
[],"[49, 26, 31]",87,0,1.0
[],"[109, 34, 127, 54]",32,0,1.0
[],[7],42,0,1.0
[],[19],20,0,1.0
[],[26],106,0,1.0
[],"[49, 128, 70]",10,0,1.0
[],"[69, 107, 93, 5]",111,0,1.0
[],"[41, 32, 126]",9,0,1.0
[],"[50, 104, 114, 42]",94,0,1.0
[],"[105, 28, 75, 7]",35,0,1.0
[],"[68, 130, 84, 18]",90,0,1.0
[],"[45, 71, 54, 97]",72,0,1.0
[],"[84, 71, 16]",88,0,1.0
[],"[61, 52, 71]",43,0,1.0
[],"[70, 84, 117]",8,0,1.0
[],"[37, 119, 123]",131,0,1.0
[],"[106, 90, 110, 21]",3,0,1.0
[],"[78, 42, 87, 130]",108,0,1.0
[],[80],103,0,1.0
[],"[18, 107, 34]",102,0,1.0
[],"[79, 66, 125]",15,0,1.0
[],"[69, 41, 85, 44]",38,0,1.0
[],"[29, 112, 58, 122]",100,0,1.0
[],"[16, 119, 79]",131,0,1.0
[],"[4, 93, 91]",54,0,1.0
[],"[79, 104, 85, 40]",128,0,1.0
[],"[108, 3]",21,0,1.0
[],"[70, 113, 122]",40,0,1.0
[],"[86, 119]",23,0,1.0
[],"[115, 107]",40,0,1.0
[],"[39, 7, 131, 51]",87,0,1.0
[],"[109, 22, 87]",31,0,1.0
[],"[46, 86, 55]",34,0,1.0
[],"[119, 84, 70, 21]",49,0,1.0
[],"[2, 47, 3, 56]",37,0,1.0
[],"[101, 79, 123]",25,0,1.0
[],"[20, 96, 120, 22]",25,0,1.0
[],"[10, 25]",9,0,1.0
[],"[126, 101, 99]",87,0,1.0
[],"[73, 52, 1, 117]",60,0,1.0
[],"[113, 63, 45, 83]",90,0,1.0
[],"[50, 73, 128]",121,0,1.0
[],"[96, 9, 77, 17]",99,0,1.0
[],"[9, 116, 110, 117]",61,0,1.0
[],"[80, 50]",86,0,1.0
[],"[110, 107, 17, 45]",50,0,1.0
[],"[91, 58, 111, 43]",13,0,1.0
